0, 0, 0, 0, 0, 0, 0.021333333, 0.0026666666, 0, 0, 0, 0, 0, 0, 0, 0, 0, 0, 0, 0, 0, 0, 0, 0.0026666666, 0, 0, 0, 0, 0, 0, 0, 0, 0, 0, 0, 0, 0, 0, 0.015999999, 0, 0, 0, 0, 0, 0, 0, 0, 0, 0, 0, 0, 0, 0, 0.066666663, 0, 0, 0.010666667, 0, 0, 0, 0, 0, 0, 0, 0, 0, 0.0053333333, 0, 0, 0, 0.021333333, 0, 0, 0, 0, 0, 0, 0, 0, 0, 0, 0, 0, 0.0026666666, 0, 0, 0, 0, 0, 0, 0, 0, 0, 0, 0, 0, 0, 0, 0.021333333, 0, 0, 0, 0, 0.010666667, 0, 0, 0, 0, 0, 0, 0, 0, 0, 0.037333332, 0, 0, 0, 0, 0, 0, 0, 0, 0, 0, 0, 0, 0, 0, 0, 0, 0.0026666666, 0, 0, 0, 0, 0, 0.0053333333, 0, 0, 0, 0, 0.0026666666, 0.0026666666, 0, 0, 0, 0, 0, 0, 0.0026666666, 0, 0, 0, 0, 0, 0, 0, 0, 0, 0, 0, 0, 0, 0, 0, 0, 0, 0, 0, 0, 0, 0.074666664, 0, 0, 0, 0, 0, 0, 0, 0, 0, 0, 0, 0, 0, 0, 0, 0, 0, 0, 0, 0, 0, 0, 0, 0.024, 0, 0, 0, 0, 0, 0, 0, 0, 0, 0, 0, 0, 0, 0, 0, 0, 0, 0, 0.0026666666, 0, 0, 0, 0, 0, 0, 0, 0, 0, 0, 0, 0, 0, 0, 0, 0, 0, 0, 0, 0, 0, 0, 0, 0.0079999994, 0, 0.0026666666, 0, 0, 0.071999997, 0.0026666666, 0, 0, 0, 0, 0, 0, 0, 0, 0.045333333, 0, 0, 0, 0, 0, 0, 0, 0, 0.010666667, 0, 0, 0, 0, 0, 0, 0, 0, 0, 0, 0, 0, 0, 0, 0, 0, 0, 0, 0, 0, 0, 0, 0, 0, 0, 0, 0, 0.0026666666, 0, 0, 0, 0, 0, 0, 0, 0, 0, 0.0026666666, 0.0026666666, 0, 0, 0, 0, 0, 0, 0, 0, 0, 0, 0, 0, 0, 0, 0, 0, 0, 0, 0, 0, 0, 0, 0, 0, 0, 0, 0, 0, 0, 0, 0, 0, 0, 0, 0, 0, 0, 0.0026666666, 0, 0, 0.0026666666, 0, 0, 0, 0, 0, 0, 0.037333332, 0, 0, 0, 0, 0, 0, 0, 0, 0.034666665, 0, 0, 0, 0, 0, 0.0026666666, 0, 0, 0, 0, 0, 0, 0, 0.015999999, 0, 0.0026666666, 0, 0, 0, 0, 0, 0, 0, 0, 0, 0, 0, 0, 0, 0.184, 0, 0, 0, 0, 0, 0, 0.0026666666, 0, 0, 0.018666666, 0, 0, 0, 0.024, 0, 0, 0.0026666666, 0.0026666666, 0, 0, 0, 0, 0, 0, 0, 0, 0, 0, 0, 0, 0, 0, 0, 0, 0, 0, 0, 0, 0, 0, 0, 0, 0, 0, 0, 0, 0, 0.096000001, 0, 0, 0, 0, 0, 0, 0, 0, 0, 0, 0, 0, 0, 0, 0.0026666666, 0, 0, 0, 0, 0, 0, 0, 0, 0, 0, 0.0026666666, 0, 0, 0, 0, 0, 0, 0.0026666666, 0, 0, 0, 0, 0, 0.037333332, 0, 0, 0, 0, 0, 0, 0, 0, 0, 0, 0, 0, 0, 0, 0, 0, 0, 0.0079999994, 0.0026666666, 0, 0, 0.029333333, 0, 0
0, 0.0046948357, 0, 0, 0, 0, 0.037558686, 0, 0, 0, 0, 0.0046948357, 0, 0, 0.0023474179, 0, 0, 0.0046948357, 0, 0, 0.0023474179, 0, 0, 0.0023474179, 0, 0, 0, 0, 0, 0, 0, 0, 0, 0, 0, 0, 0, 0, 0.030516433, 0, 0, 0.0070422534, 0, 0, 0.0046948357, 0, 0, 0.0023474179, 0, 0, 0, 0, 0.0023474179, 0.0093896715, 0, 0, 0.032863852, 0, 0, 0, 0, 0, 0, 0, 0, 0.0023474179, 0, 0.0023474179, 0, 0, 0.02112676, 0, 0, 0, 0, 0, 0, 0, 0, 0.0023474179, 0, 0, 0, 0, 0, 0, 0, 0, 0, 0, 0, 0, 0, 0, 0, 0, 0, 0.0046948357, 0.0023474179, 0, 0, 0, 0, 0.0046948357, 0, 0, 0, 0, 0, 0.0070422534, 0, 0.0023474179, 0, 0.035211269, 0, 0, 0, 0, 0, 0, 0, 0, 0, 0.0023474179, 0, 0.0023474179, 0, 0, 0, 0, 0, 0, 0.0070422534, 0, 0.0023474179, 0, 0.01173709, 0, 0, 0, 0, 0.02112676, 0.0023474179, 0, 0.0023474179, 0, 0, 0, 0, 0, 0, 0, 0.0093896715, 0.0023474179, 0.0023474179, 0, 0, 0, 0.0023474179, 0, 0, 0, 0, 0, 0, 0, 0.0023474179, 0.0023474179, 0, 0, 0, 0.056338027, 0, 0, 0, 0, 0, 0, 0, 0, 0, 0, 0, 0, 0, 0, 0, 0, 0.0023474179, 0, 0.0023474179, 0, 0, 0, 0, 0.05399061, 0, 0, 0.0023474179, 0.0023474179, 0, 0.0023474179, 0, 0.0023474179, 0, 0, 0, 0.0023474179, 0, 0, 0, 0, 0, 0, 0, 0.0023474179, 0, 0, 0, 0.0023474179, 0, 0, 0, 0, 0, 0, 0, 0, 0, 0, 0, 0, 0, 0, 0, 0.0023474179, 0, 0, 0.0023474179, 0, 0.0070422534, 0.0023474179, 0, 0.061032865, 0, 0, 0, 0, 0.0046948357, 0, 0, 0, 0, 0.032863852, 0, 0, 0, 0, 0, 0.0023474179, 0, 0, 0.0023474179, 0, 0, 0, 0, 0.0046948357, 0, 0, 0, 0, 0, 0, 0, 0, 0, 0, 0, 0.0023474179, 0, 0.0023474179, 0, 0, 0, 0, 0, 0, 0, 0, 0.02112676, 0, 0, 0, 0, 0, 0, 0, 0, 0, 0.0023474179, 0, 0.0023474179, 0, 0, 0, 0, 0.0023474179, 0.0023474179, 0, 0, 0, 0, 0, 0.0023474179, 0, 0, 0, 0, 0, 0, 0, 0, 0.0023474179, 0, 0.0046948357, 0, 0, 0, 0, 0, 0, 0, 0, 0, 0, 0, 0, 0.014084507, 0.0023474179, 0, 0.0070422534, 0, 0.0023474179, 0, 0, 0.0023474179, 0, 0, 0.032863852, 0, 0, 0, 0, 0, 0, 0.0046948357, 0, 0.018779343, 0.0023474179, 0, 0, 0, 0, 0.0023474179, 0, 0.0023474179, 0, 0, 0, 0, 0, 0.05399061, 0, 0, 0, 0, 0, 0, 0.0023474179, 0, 0, 0, 0, 0, 0, 0, 0, 0.06807512, 0, 0, 0, 0, 0, 0, 0, 0, 0, 0.0023474179, 0, 0, 0, 0.016431926, 0, 0, 0.0046948357, 0, 0, 0, 0.0023474179, 0, 0.0023474179, 0, 0, 0, 0, 0, 0, 0.0023474179, 0, 0, 0, 0, 0, 0, 0, 0, 0, 0, 0, 0.0023474179, 0, 0, 0, 0, 0, 0.030516433, 0, 0.0023474179, 0, 0.0046948357, 0, 0, 0, 0.0023474179, 0, 0.0023474179, 0, 0.0023474179, 0, 0, 0, 0.0023474179, 0, 0, 0.0023474179, 0, 0, 0, 0, 0, 0, 0, 0, 0, 0, 0, 0, 0, 0.0046948357, 0, 0, 0, 0, 0, 0.025821596, 0.0023474179, 0, 0, 0, 0, 0, 0, 0, 0, 0.0023474179, 0, 0.0046948357, 0, 0, 0, 0, 0, 0, 0, 0, 0, 0.058685448, 0, 0
0, 0.0044843052, 0, 0, 0, 0, 0.035874441, 0.0022421526, 0.0022421526, 0, 0, 0, 0, 0, 0, 0, 0, 0.0044843052, 0, 0, 0.0022421526, 0, 0, 0, 0, 0, 0, 0, 0, 0, 0, 0, 0, 0, 0, 0, 0, 0, 0.031390138, 0, 0, 0.0044843052, 0, 0, 0, 0, 0, 0, 0, 0, 0.0022421526, 0, 0, 0.024663679, 0, 0, 0.015695069, 0, 0, 0, 0, 0, 0.0044843052, 0, 0, 0, 0.0022421526, 0, 0, 0, 0.03363229, 0, 0.0022421526, 0, 0.0022421526, 0, 0, 0, 0, 0, 0, 0, 0, 0, 0, 0, 0, 0, 0, 0, 0, 0, 0, 0.0022421526, 0.0022421526, 0, 0, 0, 0.011210763, 0, 0, 0, 0, 0.035874441, 0, 0, 0, 0.0022421526, 0, 0, 0, 0, 0, 0.015695069, 0, 0, 0, 0, 0.0044843052, 0, 0, 0, 0, 0, 0, 0, 0, 0, 0, 0, 0, 0, 0, 0, 0, 0, 0.0022421526, 0.0022421526, 0, 0, 0, 0.011210763, 0, 0, 0.0022421526, 0, 0, 0, 0, 0, 0.0022421526, 0, 0.0044843052, 0, 0, 0, 0, 0, 0, 0, 0, 0, 0.0022421526, 0, 0, 0, 0, 0, 0, 0, 0, 0.022421526, 0, 0, 0, 0, 0.0022421526, 0, 0.013452915, 0, 0, 0, 0, 0, 0, 0, 0, 0, 0, 0, 0, 0.0022421526, 0.0044843052, 0, 0, 0.067264579, 0.0022421526, 0, 0.0044843052, 0, 0, 0, 0, 0, 0, 0, 0, 0, 0, 0, 0, 0, 0, 0.0022421526, 0.0044843052, 0, 0, 0, 0, 0, 0, 0, 0, 0, 0, 0, 0, 0, 0, 0, 0, 0, 0.0044843052, 0, 0, 0, 0, 0, 0.0067264577, 0, 0.0044843052, 0, 0, 0.031390138, 0, 0, 0, 0, 0, 0, 0, 0, 0.0022421526, 0.015695069, 0.0022421526, 0, 0.0022421526, 0, 0, 0.0044843052, 0, 0, 0, 0, 0, 0, 0.0022421526, 0.0022421526, 0, 0, 0, 0, 0, 0, 0, 0, 0, 0, 0, 0.0044843052, 0, 0.0022421526, 0, 0, 0, 0, 0, 0, 0, 0.0022421526, 0.013452915, 0, 0.0022421526, 0, 0, 0, 0, 0, 0, 0, 0, 0, 0, 0, 0, 0, 0, 0, 0.0044843052, 0, 0, 0, 0, 0, 0, 0, 0, 0, 0, 0.0022421526, 0, 0, 0, 0, 0, 0, 0, 0, 0, 0, 0.0022421526, 0, 0, 0, 0, 0.0022421526, 0, 0, 0.011210763, 0.0022421526, 0, 0.0089686103, 0.0022421526, 0, 0, 0, 0, 0, 0, 0.13677131, 0.0022421526, 0, 0, 0, 0, 0, 0, 0, 0.0089686103, 0, 0, 0, 0, 0, 0.0022421526, 0, 0, 0, 0, 0, 0, 0, 0.035874441, 0.0022421526, 0, 0, 0, 0, 0, 0, 0, 0, 0, 0, 0, 0, 0, 0, 0.080717489, 0, 0, 0.0022421526, 0, 0, 0, 0, 0, 0, 0.011210763, 0, 0, 0, 0.044843052, 0.0022421526, 0.0022421526, 0, 0, 0, 0, 0, 0, 0, 0, 0, 0, 0, 0, 0, 0, 0, 0, 0, 0, 0, 0, 0, 0, 0, 0, 0, 0, 0, 0, 0, 0, 0.0044843052, 0.029147983, 0, 0, 0, 0, 0, 0, 0, 0, 0, 0, 0, 0, 0, 0, 0, 0, 0, 0, 0.0022421526, 0, 0, 0, 0, 0.0022421526, 0.0022421526, 0, 0, 0.0022421526, 0, 0.0022421526, 0, 0, 0.0044843052, 0, 0, 0, 0, 0, 0.029147983, 0, 0, 0.0022421526, 0, 0, 0, 0, 0, 0, 0, 0, 0, 0, 0, 0, 0, 0, 0.0089686103, 0, 0, 0.0022421526, 0.029147983, 0.0022421526, 0.0044843052
0, 0.0023310024, 0, 0, 0, 0, 0.018648019, 0, 0, 0, 0, 0.0093240095, 0, 0, 0, 0, 0, 0, 0, 0, 0, 0, 0, 0, 0.0023310024, 0, 0, 0, 0.0046620048, 0.0023310024, 0, 0, 0, 0, 0, 0.0023310024, 0, 0, 0.018648019, 0.0023310024, 0, 0, 0, 0, 0, 0.0023310024, 0, 0.0069930069, 0, 0, 0, 0, 0, 0.020979021, 0, 0.0023310024, 0.018648019, 0, 0, 0, 0, 0, 0, 0, 0, 0, 0, 0.0023310024, 0, 0.0046620048, 0.025641026, 0, 0, 0, 0.0023310024, 0, 0, 0, 0, 0, 0, 0, 0, 0, 0, 0, 0, 0, 0, 0, 0, 0.0023310024, 0, 0, 0, 0, 0.0023310024, 0, 0.0046620048, 0, 0, 0, 0, 0.027972028, 0, 0, 0, 0, 0, 0, 0, 0.0023310024, 0, 0.048951048, 0, 0, 0.0046620048, 0, 0, 0.0023310024, 0, 0, 0, 0, 0, 0.0023310024, 0, 0, 0, 0, 0, 0.0023310024, 0.0046620048, 0, 0.0023310024, 0, 0.016317017, 0, 0.0023310024, 0, 0, 0.0093240095, 0, 0, 0, 0, 0, 0, 0.0023310024, 0, 0, 0, 0, 0, 0, 0, 0, 0, 0, 0, 0, 0, 0, 0, 0, 0.0023310024, 0, 0, 0, 0, 0, 0.086247087, 0, 0, 0, 0, 0.0023310024, 0.0046620048, 0, 0.0023310024, 0, 0, 0, 0, 0, 0, 0, 0, 0.0023310024, 0, 0, 0, 0.0023310024, 0, 0, 0.055944055, 0, 0, 0, 0, 0, 0, 0, 0.0023310024, 0, 0, 0, 0, 0, 0, 0, 0, 0, 0, 0, 0, 0, 0, 0, 0, 0, 0, 0, 0, 0, 0, 0, 0, 0, 0, 0, 0, 0, 0, 0, 0, 0, 0, 0.0023310024, 0, 0.0023310024, 0, 0, 0.032634035, 0, 0, 0, 0, 0, 0, 0, 0, 0.0046620048, 0.048951048, 0, 0, 0, 0, 0, 0.0023310024, 0, 0, 0.0023310024, 0, 0, 0, 0.0023310024, 0.0069930069, 0, 0, 0, 0, 0, 0, 0, 0, 0, 0, 0, 0.0023310024, 0, 0, 0, 0, 0, 0, 0, 0, 0, 0, 0.037296038, 0.0023310024, 0.0023310024, 0, 0.0023310024, 0, 0, 0, 0, 0, 0, 0, 0, 0, 0, 0, 0, 0.0023310024, 0, 0, 0, 0, 0, 0.0023310024, 0.0023310024, 0, 0, 0, 0, 0, 0, 0, 0, 0, 0, 0, 0, 0, 0, 0, 0, 0, 0.0046620048, 0, 0, 0, 0, 0, 0, 0.0046620048, 0, 0, 0, 0.0023310024, 0, 0, 0, 0, 0, 0.048951048, 0, 0, 0, 0.0023310024, 0, 0, 0.0023310024, 0.0023310024, 0.037296038, 0, 0, 0, 0, 0, 0.0023310024, 0, 0, 0, 0, 0, 0, 0, 0.030303031, 0, 0.0023310024, 0, 0, 0, 0, 0.0046620048, 0, 0, 0, 0.0023310024, 0, 0, 0, 0, 0.067599066, 0, 0, 0.0023310024, 0, 0, 0, 0, 0, 0, 0.0023310024, 0, 0, 0, 0.0069930069, 0.0023310024, 0, 0, 0.0023310024, 0, 0, 0, 0, 0, 0, 0, 0, 0, 0, 0, 0.0023310024, 0, 0, 0, 0.0023310024, 0, 0, 0, 0, 0, 0, 0, 0, 0, 0, 0, 0, 0, 0.030303031, 0, 0, 0, 0, 0, 0, 0, 0, 0, 0, 0, 0, 0, 0.0023310024, 0, 0, 0, 0, 0, 0, 0, 0, 0, 0, 0, 0, 0, 0, 0, 0, 0, 0, 0.0023310024, 0, 0, 0, 0, 0, 0.039627042, 0, 0.0023310024, 0, 0, 0, 0.0069930069, 0, 0, 0, 0, 0, 0.0069930069, 0, 0, 0.0023310024, 0, 0, 0, 0, 0, 0, 0.062937066, 0, 0.0023310024
0, 0, 0, 0, 0, 0, 0.017948719, 0, 0, 0, 0, 0, 0, 0, 0, 0, 0, 0.0051282053, 0, 0, 0, 0, 0, 0, 0, 0, 0, 0, 0, 0, 0, 0, 0.0025641026, 0, 0, 0, 0, 0, 0.023076924, 0, 0, 0, 0, 0, 0, 0.0025641026, 0, 0, 0, 0, 0, 0, 0, 0.015384616, 0, 0, 0.025641026, 0, 0, 0, 0, 0, 0, 0, 0, 0, 0, 0, 0, 0, 0.017948719, 0, 0, 0, 0, 0, 0, 0, 0, 0.0025641026, 0, 0, 0, 0, 0, 0, 0, 0, 0, 0, 0, 0, 0, 0, 0, 0, 0, 0, 0.0025641026, 0, 0.0025641026, 0, 0, 0.015384616, 0, 0, 0, 0, 0, 0.0025641026, 0, 0, 0, 0.12051282, 0, 0, 0, 0, 0, 0, 0, 0, 0, 0.0025641026, 0, 0, 0, 0, 0, 0, 0, 0.0025641026, 0.0025641026, 0, 0, 0, 0.012820513, 0.0025641026, 0, 0, 0, 0.025641026, 0, 0, 0.0025641026, 0, 0, 0, 0, 0, 0, 0, 0, 0.0025641026, 0, 0, 0, 0, 0, 0.0025641026, 0, 0, 0, 0, 0, 0, 0, 0, 0, 0, 0, 0.097435899, 0, 0, 0, 0, 0, 0, 0, 0, 0, 0, 0, 0, 0.0025641026, 0, 0, 0, 0, 0, 0, 0, 0.0051282053, 0, 0, 0.056410257, 0, 0, 0, 0, 0, 0, 0, 0, 0, 0, 0, 0, 0, 0, 0, 0, 0, 0, 0, 0, 0, 0, 0.0025641026, 0, 0, 0, 0, 0, 0, 0, 0, 0, 0, 0, 0, 0, 0.0025641026, 0, 0, 0, 0, 0, 0.0025641026, 0, 0, 0, 0, 0.046153847, 0.0025641026, 0, 0, 0, 0, 0, 0, 0, 0, 0.03846154, 0, 0, 0, 0, 0, 0, 0, 0, 0, 0, 0, 0, 0.0025641026, 0.0076923082, 0, 0, 0, 0, 0, 0, 0, 0, 0, 0, 0, 0, 0, 0, 0, 0.0025641026, 0, 0, 0, 0, 0, 0, 0.056410257, 0, 0, 0, 0, 0, 0, 0, 0, 0, 0, 0, 0, 0, 0, 0, 0, 0, 0, 0, 0, 0, 0, 0, 0, 0, 0.0025641026, 0.0025641026, 0, 0, 0, 0, 0, 0, 0, 0.0025641026, 0, 0, 0, 0.0025641026, 0, 0, 0.0051282053, 0, 0, 0, 0, 0, 0, 0.0025641026, 0, 0.0025641026, 0.0025641026, 0.0025641026, 0, 0, 0, 0, 0, 0.033333335, 0, 0, 0, 0, 0.0025641026, 0, 0, 0.0025641026, 0.035897437, 0, 0, 0, 0, 0, 0, 0, 0, 0, 0, 0, 0, 0, 0.015384616, 0, 0, 0, 0, 0, 0, 0, 0, 0, 0, 0.0025641026, 0, 0, 0, 0.0025641026, 0.092307694, 0, 0, 0, 0.0025641026, 0, 0, 0, 0, 0, 0.0051282053, 0, 0, 0.0025641026, 0.020512821, 0.0025641026, 0, 0, 0, 0, 0, 0, 0, 0, 0, 0, 0, 0, 0, 0, 0, 0, 0, 0, 0, 0, 0, 0, 0, 0.0025641026, 0, 0, 0, 0.0025641026, 0, 0, 0, 0, 0.017948719, 0, 0, 0, 0, 0, 0, 0, 0, 0, 0, 0, 0, 0, 0, 0, 0, 0, 0, 0, 0, 0, 0, 0, 0, 0, 0, 0, 0, 0, 0, 0, 0, 0, 0, 0, 0, 0, 0, 0.071794875, 0, 0, 0, 0, 0, 0, 0, 0, 0, 0, 0, 0, 0, 0, 0, 0.0025641026, 0, 0, 0, 0, 0, 0.017948719, 0, 0
0, 0, 0, 0, 0, 0, 0.051724136, 0, 0, 0, 0, 0, 0, 0, 0, 0, 0, 0, 0, 0, 0, 0, 0, 0, 0, 0, 0, 0, 0.0043103448, 0, 0, 0, 0, 0, 0, 0, 0, 0, 0.053879309, 0, 0, 0, 0, 0, 0, 0.0021551724, 0, 0.0021551724, 0, 0, 0, 0.0021551724, 0, 0.034482758, 0, 0, 0.045258619, 0, 0, 0, 0, 0, 0, 0, 0.0021551724, 0, 0.0021551724, 0.0021551724, 0, 0, 0.030172413, 0, 0, 0.0021551724, 0, 0, 0, 0, 0, 0, 0, 0, 0, 0, 0, 0, 0, 0, 0, 0, 0, 0, 0, 0, 0.0021551724, 0, 0, 0, 0.019396551, 0, 0, 0, 0, 0.017241379, 0, 0, 0, 0.0021551724, 0, 0, 0, 0.0021551724, 0, 0.043103449, 0, 0, 0, 0.0021551724, 0, 0, 0, 0, 0, 0, 0, 0, 0, 0, 0, 0, 0, 0.0021551724, 0.006465517, 0, 0, 0, 0.0021551724, 0, 0, 0.0021551724, 0, 0.0625, 0, 0, 0, 0, 0, 0, 0, 0, 0.0021551724, 0, 0, 0, 0, 0, 0, 0, 0, 0, 0, 0, 0, 0, 0, 0, 0, 0, 0, 0, 0, 0.10344827, 0, 0, 0, 0, 0.0021551724, 0, 0.0043103448, 0, 0.0021551724, 0, 0, 0, 0, 0, 0, 0, 0, 0, 0, 0, 0, 0, 0, 0.017241379, 0, 0, 0, 0, 0, 0, 0, 0, 0, 0, 0, 0, 0, 0, 0, 0, 0, 0, 0, 0.0021551724, 0, 0, 0, 0, 0, 0, 0, 0, 0, 0, 0, 0, 0, 0.0021551724, 0, 0, 0, 0, 0, 0, 0, 0, 0.012931034, 0, 0.0086206896, 0, 0, 0.047413792, 0, 0, 0, 0, 0.0021551724, 0, 0, 0, 0.0021551724, 0.049568966, 0, 0, 0, 0, 0, 0, 0, 0, 0, 0, 0, 0, 0, 0, 0, 0, 0, 0, 0, 0, 0, 0, 0, 0, 0, 0.0021551724, 0, 0, 0.0021551724, 0, 0, 0.0021551724, 0, 0.0021551724, 0, 0, 0.028017242, 0, 0.0021551724, 0, 0, 0, 0.0021551724, 0, 0, 0, 0, 0, 0, 0, 0, 0, 0, 0, 0, 0, 0, 0, 0, 0, 0, 0, 0, 0, 0, 0, 0, 0, 0, 0.0021551724, 0, 0, 0, 0, 0, 0, 0, 0, 0, 0, 0, 0, 0, 0, 0.0021551724, 0.006465517, 0, 0.0043103448, 0.0043103448, 0, 0, 0, 0, 0, 0, 0.030172413, 0, 0, 0, 0.0021551724, 0, 0, 0, 0, 0.034482758, 0, 0.0021551724, 0, 0.0021551724, 0, 0, 0, 0.0021551724, 0, 0, 0, 0, 0, 0.040948275, 0, 0, 0, 0, 0, 0, 0, 0, 0, 0, 0, 0, 0, 0, 0.0021551724, 0.058189657, 0, 0, 0, 0, 0, 0, 0, 0, 0.0021551724, 0.0043103448, 0, 0, 0, 0.0043103448, 0, 0, 0, 0.0021551724, 0, 0, 0, 0, 0, 0, 0, 0, 0, 0, 0, 0.0021551724, 0, 0, 0.0021551724, 0, 0, 0, 0, 0, 0, 0, 0, 0, 0, 0, 0, 0, 0, 0.021551725, 0, 0, 0, 0, 0, 0, 0, 0, 0, 0, 0.0021551724, 0, 0, 0, 0.0021551724, 0.0021551724, 0, 0, 0.0021551724, 0, 0, 0, 0, 0, 0, 0, 0, 0, 0.0021551724, 0, 0, 0, 0.0043103448, 0, 0, 0, 0, 0, 0.038793102, 0, 0, 0.0021551724, 0, 0, 0.0021551724, 0, 0, 0, 0, 0, 0.0021551724, 0, 0, 0.0021551724, 0, 0, 0, 0.0021551724, 0, 0, 0.0043103448, 0, 0
0, 0.012631578, 0.0021052631, 0, 0, 0, 0.037894733, 0, 0, 0, 0, 0.0021052631, 0.0021052631, 0, 0, 0, 0, 0.010526315, 0, 0, 0.0042105261, 0, 0, 0, 0, 0, 0, 0, 0, 0, 0, 0, 0, 0, 0, 0, 0, 0, 0.018947367, 0.0021052631, 0, 0.0042105261, 0.0021052631, 0, 0, 0.0063157892, 0, 0, 0, 0, 0, 0.0021052631, 0, 0.0063157892, 0.0021052631, 0.0021052631, 0.027368419, 0, 0, 0, 0, 0, 0, 0.0021052631, 0, 0.0021052631, 0, 0, 0, 0.0021052631, 0.044210523, 0, 0.0021052631, 0, 0, 0, 0, 0, 0, 0, 0, 0, 0, 0, 0, 0, 0, 0, 0, 0, 0, 0, 0, 0, 0.0021052631, 0.0021052631, 0, 0, 0.023157895, 0, 0, 0, 0.0042105261, 0.029473683, 0, 0, 0, 0.0021052631, 0, 0.0021052631, 0, 0, 0, 0.044210523, 0, 0, 0, 0.0021052631, 0, 0, 0, 0, 0.0021052631, 0.0021052631, 0, 0.0021052631, 0, 0, 0, 0, 0, 0.0042105261, 0.0042105261, 0, 0, 0, 0.039999999, 0.0021052631, 0.0042105261, 0.0021052631, 0, 0.010526315, 0, 0, 0, 0, 0, 0, 0.0021052631, 0, 0, 0, 0.0021052631, 0.0021052631, 0, 0, 0, 0, 0, 0, 0, 0, 0, 0, 0, 0, 0, 0, 0, 0, 0, 0.018947367, 0, 0, 0.0021052631, 0, 0, 0, 0, 0.0042105261, 0, 0, 0, 0.0063157892, 0, 0, 0.0021052631, 0, 0.0042105261, 0, 0, 0, 0, 0, 0.0021052631, 0.11578947, 0.0021052631, 0, 0, 0, 0, 0, 0.0021052631, 0.0042105261, 0, 0, 0.0021052631, 0, 0, 0, 0, 0, 0, 0, 0.0021052631, 0, 0, 0, 0, 0, 0, 0, 0, 0, 0.0021052631, 0, 0.0021052631, 0, 0.0042105261, 0, 0, 0, 0, 0.0021052631, 0, 0, 0, 0, 0.0042105261, 0, 0.0021052631, 0, 0, 0.027368419, 0, 0, 0, 0, 0, 0, 0.0021052631, 0, 0, 0, 0, 0, 0, 0, 0, 0.0021052631, 0.0021052631, 0, 0.0063157892, 0, 0, 0.0042105261, 0, 0.0084210522, 0, 0, 0, 0.0021052631, 0, 0, 0, 0, 0, 0, 0.0021052631, 0, 0, 0.0021052631, 0.0021052631, 0, 0, 0, 0, 0, 0, 0, 0.012631578, 0, 0, 0, 0, 0, 0, 0, 0, 0, 0, 0, 0, 0, 0, 0, 0, 0, 0.0042105261, 0, 0, 0, 0, 0, 0, 0, 0, 0.0021052631, 0, 0.0021052631, 0, 0, 0, 0, 0, 0, 0, 0, 0, 0, 0, 0, 0.0021052631, 0, 0, 0.0042105261, 0, 0, 0.0042105261, 0.0063157892, 0, 0.0084210522, 0, 0.0021052631, 0, 0.0021052631, 0, 0, 0, 0.027368419, 0, 0, 0, 0, 0, 0, 0.0084210522, 0, 0.039999999, 0, 0, 0, 0, 0, 0.0063157892, 0, 0, 0, 0, 0.0021052631, 0, 0, 0.035789471, 0, 0, 0, 0, 0, 0, 0, 0, 0, 0, 0, 0.0021052631, 0, 0, 0.0021052631, 0.023157895, 0, 0, 0, 0, 0, 0, 0, 0.0021052631, 0, 0.0042105261, 0, 0, 0, 0.021052631, 0, 0, 0.0021052631, 0, 0, 0, 0.0021052631, 0, 0, 0, 0, 0, 0, 0, 0, 0.0021052631, 0, 0, 0, 0.0021052631, 0, 0, 0, 0, 0, 0, 0, 0, 0, 0, 0, 0, 0.0021052631, 0.027368419, 0.0021052631, 0, 0, 0, 0, 0.0021052631, 0, 0.0063157892, 0, 0, 0, 0, 0, 0, 0, 0, 0, 0, 0.0042105261, 0, 0, 0, 0, 0, 0.0021052631, 0, 0, 0.0021052631, 0, 0, 0, 0.0021052631, 0, 0, 0, 0, 0, 0, 0.014736841, 0.0021052631, 0.0021052631, 0, 0, 0.0021052631, 0, 0, 0.0021052631, 0, 0.0021052631, 0, 0.0021052631, 0, 0, 0, 0, 0, 0.0042105261, 0, 0.0021052631, 0.0021052631, 0.042105261, 0.0021052631, 0
0, 0, 0, 0, 0, 0, 0.029723993, 0, 0, 0, 0, 0.0021231424, 0, 0, 0, 0, 0, 0.0021231424, 0, 0, 0, 0, 0, 0, 0, 0, 0, 0.0021231424, 0.0021231424, 0, 0, 0, 0.0021231424, 0, 0, 0, 0, 0, 0.014861996, 0, 0, 0, 0, 0, 0, 0, 0, 0, 0, 0.0021231424, 0, 0, 0, 0.019108281, 0, 0, 0.019108281, 0.0021231424, 0, 0, 0, 0, 0, 0, 0, 0, 0.0021231424, 0, 0, 0.0021231424, 0.025477707, 0, 0.0021231424, 0, 0, 0, 0, 0, 0, 0, 0, 0, 0, 0, 0, 0, 0, 0, 0, 0, 0, 0, 0, 0, 0, 0, 0, 0, 0, 0, 0, 0, 0, 0.0084925694, 0, 0, 0, 0, 0, 0, 0, 0, 0, 0.082802549, 0, 0, 0, 0, 0, 0, 0, 0, 0, 0, 0, 0, 0, 0.0021231424, 0, 0, 0, 0.0021231424, 0, 0, 0.0021231424, 0, 0.014861996, 0, 0.0042462847, 0, 0, 0.033970278, 0.0021231424, 0, 0, 0, 0, 0, 0, 0, 0, 0, 0, 0, 0, 0.0021231424, 0, 0, 0, 0, 0, 0, 0, 0, 0, 0, 0, 0, 0, 0, 0, 0.070063695, 0, 0, 0, 0, 0, 0, 0, 0.010615712, 0, 0, 0, 0, 0, 0, 0, 0, 0, 0.0021231424, 0.0021231424, 0, 0.0021231424, 0, 0.0021231424, 0.031847134, 0, 0, 0, 0, 0, 0, 0, 0, 0, 0, 0, 0, 0, 0, 0, 0, 0, 0, 0, 0, 0, 0, 0, 0, 0, 0.0021231424, 0, 0, 0.0021231424, 0, 0, 0, 0, 0, 0, 0, 0, 0, 0, 0, 0, 0, 0.0021231424, 0, 0.0021231424, 0, 0, 0.063694268, 0, 0, 0, 0, 0, 0, 0, 0, 0, 0.061571129, 0, 0, 0, 0, 0, 0, 0, 0, 0.0021231424, 0, 0, 0.0042462847, 0, 0.0063694268, 0, 0, 0, 0, 0, 0, 0, 0, 0, 0, 0, 0, 0, 0, 0, 0, 0, 0, 0, 0, 0, 0.0021231424, 0.031847134, 0, 0, 0, 0, 0, 0, 0, 0, 0, 0.0021231424, 0, 0, 0, 0, 0, 0, 0.0084925694, 0.0042462847, 0, 0, 0, 0, 0, 0, 0, 0, 0, 0, 0, 0, 0, 0, 0, 0.0021231424, 0, 0, 0, 0, 0, 0, 0, 0, 0, 0, 0, 0, 0, 0.019108281, 0.0021231424, 0, 0, 0.0021231424, 0, 0, 0, 0.0021231424, 0, 0, 0.040339705, 0, 0, 0, 0, 0, 0, 0.014861996, 0, 0.027600851, 0, 0, 0, 0, 0, 0, 0, 0, 0, 0, 0, 0, 0, 0.016985139, 0, 0, 0, 0, 0, 0, 0, 0, 0, 0, 0, 0, 0, 0, 0, 0.10615712, 0, 0, 0, 0, 0, 0, 0, 0, 0, 0.014861996, 0, 0, 0, 0.012738854, 0, 0, 0, 0, 0, 0, 0, 0, 0, 0, 0, 0, 0, 0, 0, 0, 0, 0, 0, 0, 0, 0, 0, 0, 0, 0, 0, 0, 0, 0, 0, 0, 0, 0.027600851, 0, 0, 0, 0, 0, 0.0021231424, 0, 0, 0, 0, 0, 0, 0, 0.0021231424, 0.0021231424, 0, 0, 0, 0, 0, 0, 0, 0, 0, 0, 0, 0, 0, 0, 0, 0.0021231424, 0, 0, 0, 0, 0, 0.0042462847, 0, 0.042462848, 0.0042462847, 0.0021231424, 0, 0, 0, 0, 0, 0, 0, 0, 0, 0, 0, 0, 0, 0, 0, 0.0042462847, 0, 0, 0.0021231424, 0.040339705, 0.0021231424, 0
0, 0, 0, 0, 0, 0, 0.028985508, 0, 0, 0, 0, 0, 0, 0, 0, 0, 0, 0.0024154589, 0, 0, 0, 0, 0, 0, 0, 0, 0, 0, 0.0024154589, 0, 0, 0, 0, 0, 0, 0, 0, 0, 0.012077294, 0, 0, 0, 0, 0, 0, 0, 0, 0, 0, 0, 0, 0, 0, 0.060386471, 0, 0, 0.038647342, 0, 0, 0, 0, 0, 0, 0, 0, 0, 0, 0, 0, 0, 0.0072463769, 0, 0, 0, 0, 0, 0, 0, 0, 0, 0, 0, 0, 0, 0, 0, 0, 0, 0, 0, 0, 0, 0, 0, 0.0024154589, 0, 0, 0, 0.014492754, 0, 0, 0, 0, 0.021739131, 0, 0, 0, 0, 0, 0, 0, 0, 0, 0.026570048, 0, 0, 0.0024154589, 0, 0, 0, 0, 0, 0, 0, 0, 0, 0, 0, 0, 0, 0, 0.0048309178, 0, 0, 0.0024154589, 0, 0.0048309178, 0.0024154589, 0, 0, 0, 0.028985508, 0, 0, 0, 0, 0, 0, 0, 0, 0, 0, 0, 0, 0, 0.0048309178, 0, 0, 0.0024154589, 0, 0, 0, 0, 0.0024154589, 0, 0, 0, 0, 0, 0, 0, 0.11111111, 0, 0, 0, 0, 0, 0, 0, 0, 0, 0, 0, 0, 0, 0, 0, 0, 0, 0, 0, 0, 0.0048309178, 0, 0, 0.021739131, 0, 0, 0.0024154589, 0, 0, 0, 0, 0, 0, 0, 0, 0, 0, 0, 0, 0, 0, 0, 0, 0, 0, 0, 0, 0.0024154589, 0, 0, 0, 0, 0, 0, 0, 0, 0, 0, 0, 0, 0, 0, 0, 0, 0, 0, 0.016908212, 0.0024154589, 0, 0, 0, 0.0096618356, 0, 0, 0, 0, 0, 0, 0, 0, 0.0024154589, 0.060386471, 0, 0, 0, 0, 0, 0, 0, 0, 0, 0, 0, 0, 0, 0, 0, 0, 0, 0, 0, 0, 0, 0, 0, 0, 0, 0, 0, 0, 0, 0.0024154589, 0, 0, 0, 0, 0, 0, 0.026570048, 0, 0, 0, 0, 0, 0, 0, 0, 0, 0, 0, 0, 0, 0, 0, 0, 0, 0, 0, 0, 0, 0, 0, 0, 0, 0.0024154589, 0, 0, 0, 0, 0, 0, 0, 0.0024154589, 0, 0, 0, 0, 0, 0, 0, 0, 0, 0, 0, 0, 0, 0.0072463769, 0.0048309178, 0, 0, 0, 0, 0, 0, 0, 0, 0, 0.11352657, 0, 0, 0, 0, 0, 0, 0, 0, 0.033816423, 0, 0, 0, 0, 0, 0, 0, 0.0024154589, 0, 0, 0, 0, 0, 0.016908212, 0, 0, 0, 0, 0, 0, 0, 0, 0, 0, 0, 0, 0, 0, 0, 0.11594203, 0, 0, 0, 0, 0, 0, 0, 0.0024154589, 0, 0.0048309178, 0, 0, 0, 0.0072463769, 0, 0, 0, 0, 0.0024154589, 0, 0.0024154589, 0, 0.0024154589, 0, 0, 0, 0, 0, 0, 0, 0, 0, 0, 0, 0, 0, 0, 0, 0, 0, 0, 0, 0.0024154589, 0, 0, 0, 0, 0.043478262, 0.0024154589, 0, 0.0024154589, 0, 0, 0, 0, 0, 0, 0, 0, 0, 0, 0, 0, 0, 0, 0, 0, 0, 0, 0.0024154589, 0, 0, 0, 0, 0, 0, 0.0048309178, 0, 0, 0, 0.0072463769, 0, 0.0048309178, 0, 0, 0, 0.043478262, 0.0024154589, 0, 0, 0, 0, 0, 0, 0, 0, 0, 0, 0, 0, 0, 0, 0, 0, 0.0048309178, 0, 0, 0, 0.019323671, 0, 0.0024154589
0, 0.0066079292, 0, 0.0022026431, 0, 0, 0.046255507, 0, 0, 0, 0.0022026431, 0, 0, 0, 0.0022026431, 0, 0, 0.0066079292, 0, 0, 0.0022026431, 0, 0, 0, 0, 0, 0, 0, 0.0044052862, 0, 0, 0, 0, 0, 0, 0.0022026431, 0, 0, 0.019823788, 0, 0, 0, 0, 0, 0, 0, 0, 0, 0.0022026431, 0, 0, 0.0022026431, 0, 0.037444934, 0, 0, 0.055066079, 0, 0, 0, 0, 0, 0, 0, 0, 0, 0, 0, 0, 0, 0.022026431, 0, 0.0022026431, 0, 0, 0, 0, 0, 0, 0, 0, 0, 0, 0, 0, 0, 0, 0, 0, 0, 0, 0, 0, 0, 0.0022026431, 0, 0.0022026431, 0, 0.0022026431, 0, 0, 0, 0, 0.0044052862, 0, 0, 0, 0, 0, 0.0022026431, 0, 0, 0, 0.041850217, 0, 0, 0, 0, 0, 0, 0, 0, 0, 0, 0, 0, 0, 0, 0.0022026431, 0, 0, 0, 0, 0, 0.0022026431, 0, 0.0022026431, 0, 0.0022026431, 0, 0, 0.030837003, 0, 0, 0, 0, 0, 0, 0, 0, 0, 0, 0, 0.0044052862, 0, 0, 0, 0, 0, 0, 0, 0, 0, 0.0066079292, 0, 0, 0, 0.0022026431, 0, 0, 0, 0.088105723, 0, 0, 0, 0, 0, 0, 0, 0, 0, 0, 0, 0, 0, 0, 0, 0, 0, 0, 0.0022026431, 0, 0, 0, 0, 0.022026431, 0, 0, 0.0022026431, 0, 0, 0.0044052862, 0, 0, 0, 0, 0.0022026431, 0.0022026431, 0, 0, 0, 0, 0, 0, 0, 0.0022026431, 0.0022026431, 0, 0, 0, 0, 0, 0, 0, 0, 0, 0, 0, 0, 0, 0, 0, 0, 0, 0, 0, 0, 0.0022026431, 0, 0, 0.0022026431, 0.0022026431, 0, 0.033039644, 0, 0, 0, 0, 0, 0, 0, 0, 0, 0.081497796, 0, 0, 0, 0, 0, 0, 0.0022026431, 0, 0, 0, 0, 0.0044052862, 0, 0.0022026431, 0, 0, 0, 0, 0, 0, 0, 0, 0, 0, 0, 0, 0, 0.011013215, 0.0022026431, 0, 0, 0.0044052862, 0, 0, 0, 0, 0.017621145, 0, 0.0022026431, 0, 0, 0, 0, 0, 0, 0, 0, 0, 0, 0, 0, 0, 0, 0.0044052862, 0, 0, 0, 0.0022026431, 0.0022026431, 0.0022026431, 0, 0, 0.0022026431, 0, 0, 0, 0, 0, 0, 0.0022026431, 0, 0.0022026431, 0, 0, 0, 0, 0, 0, 0, 0, 0, 0.0022026431, 0, 0, 0, 0, 0, 0.0022026431, 0, 0.0044052862, 0, 0, 0, 0, 0, 0.05726872, 0, 0, 0, 0, 0, 0, 0, 0, 0.013215858, 0, 0.0022026431, 0, 0, 0, 0.0066079292, 0, 0.0022026431, 0, 0, 0, 0, 0, 0.019823788, 0, 0, 0, 0, 0.0022026431, 0, 0, 0, 0, 0, 0, 0, 0, 0, 0.0022026431, 0.11894272, 0, 0, 0, 0.0022026431, 0, 0, 0, 0, 0, 0.0044052862, 0, 0, 0, 0.0022026431, 0, 0, 0, 0, 0, 0, 0, 0, 0, 0, 0, 0, 0, 0, 0, 0, 0, 0, 0, 0, 0, 0, 0, 0, 0.0022026431, 0, 0, 0, 0, 0, 0, 0, 0, 0.030837003, 0, 0, 0.0066079292, 0, 0, 0, 0, 0, 0, 0, 0, 0, 0.0022026431, 0, 0.0044052862, 0, 0, 0, 0.0044052862, 0, 0, 0, 0, 0, 0, 0, 0.0022026431, 0, 0, 0, 0, 0, 0, 0, 0, 0, 0, 0, 0.041850217, 0, 0, 0, 0, 0, 0.0022026431, 0, 0, 0, 0.0022026431, 0, 0, 0, 0, 0, 0, 0, 0.0044052862, 0, 0, 0, 0.017621145, 0, 0
0, 0.0028735632, 0, 0, 0, 0, 0.0086206896, 0, 0, 0, 0, 0, 0, 0, 0, 0, 0, 0, 0, 0, 0, 0, 0, 0, 0, 0.0028735632, 0, 0, 0.0028735632, 0, 0, 0, 0.0057471264, 0, 0, 0, 0, 0, 0.020114943, 0, 0, 0.0028735632, 0, 0, 0, 0, 0, 0, 0, 0, 0, 0, 0, 0.037356321, 0, 0, 0.034482758, 0, 0, 0, 0, 0, 0.0028735632, 0, 0, 0, 0, 0, 0, 0, 0.0086206896, 0, 0, 0, 0, 0, 0, 0.0028735632, 0, 0, 0, 0, 0.0028735632, 0, 0, 0, 0.0028735632, 0, 0, 0, 0.0028735632, 0, 0, 0, 0, 0.0057471264, 0, 0, 0.0028735632, 0, 0, 0, 0, 0.017241379, 0, 0, 0, 0, 0.0028735632, 0, 0, 0, 0, 0.077586204, 0, 0, 0, 0, 0, 0, 0, 0, 0.0028735632, 0, 0, 0, 0, 0, 0, 0, 0, 0, 0, 0, 0.0086206896, 0, 0.020114943, 0, 0, 0, 0, 0.0057471264, 0, 0, 0, 0, 0, 0, 0, 0, 0, 0, 0, 0, 0, 0, 0, 0, 0, 0, 0, 0, 0, 0, 0, 0, 0, 0, 0, 0, 0, 0.074712642, 0, 0, 0, 0, 0, 0, 0, 0, 0, 0, 0, 0, 0, 0, 0, 0, 0, 0, 0, 0.0028735632, 0.0028735632, 0, 0, 0.057471264, 0, 0, 0.0028735632, 0, 0, 0, 0, 0, 0, 0, 0, 0, 0, 0, 0, 0, 0, 0, 0, 0, 0, 0, 0, 0, 0, 0, 0, 0, 0, 0, 0, 0, 0, 0, 0, 0, 0, 0, 0, 0, 0, 0, 0.0028735632, 0, 0, 0, 0, 0.054597702, 0, 0, 0, 0, 0.0028735632, 0, 0, 0, 0, 0.017241379, 0, 0, 0, 0, 0, 0.0028735632, 0, 0, 0, 0, 0, 0, 0, 0.0057471264, 0.0028735632, 0, 0, 0, 0, 0, 0, 0, 0.0028735632, 0, 0, 0.0028735632, 0, 0, 0.0028735632, 0, 0, 0, 0, 0, 0, 0, 0.0028735632, 0, 0, 0.0028735632, 0, 0, 0, 0, 0.0028735632, 0, 0.0028735632, 0, 0, 0, 0, 0, 0, 0, 0, 0, 0, 0, 0, 0, 0, 0, 0, 0.0057471264, 0, 0, 0, 0, 0, 0, 0, 0, 0, 0, 0.0028735632, 0, 0.0028735632, 0, 0, 0, 0, 0, 0, 0, 0, 0.0028735632, 0, 0.0028735632, 0, 0, 0, 0, 0, 0, 0, 0.054597702, 0, 0, 0, 0, 0, 0, 0, 0, 0.028735632, 0, 0, 0, 0, 0, 0.0028735632, 0, 0, 0, 0, 0, 0, 0, 0.034482758, 0, 0.0028735632, 0, 0, 0, 0, 0, 0, 0.0057471264, 0, 0, 0, 0, 0, 0, 0.083333336, 0, 0, 0, 0.0028735632, 0, 0, 0.0028735632, 0, 0, 0.0086206896, 0, 0, 0, 0.014367816, 0.0028735632, 0, 0, 0, 0, 0, 0, 0, 0, 0, 0, 0, 0, 0, 0, 0, 0, 0, 0, 0, 0, 0, 0, 0, 0, 0, 0, 0, 0.0028735632, 0, 0, 0, 0, 0.051724136, 0, 0, 0, 0, 0, 0, 0, 0, 0, 0, 0, 0, 0, 0, 0, 0, 0, 0, 0, 0, 0.0028735632, 0, 0, 0, 0, 0, 0, 0.0028735632, 0, 0, 0, 0, 0.0057471264, 0, 0, 0, 0, 0, 0.057471264, 0, 0, 0, 0, 0, 0, 0, 0, 0, 0, 0.0028735632, 0, 0, 0, 0, 0, 0, 0.0028735632, 0, 0, 0, 0.074712642, 0, 0
0, 0.0022222223, 0, 0, 0, 0, 0.022222223, 0, 0, 0, 0, 0, 0, 0, 0, 0, 0, 0.0066666668, 0, 0, 0.0022222223, 0, 0, 0, 0, 0, 0, 0, 0, 0, 0, 0, 0, 0, 0, 0, 0, 0, 0.0088888891, 0, 0, 0, 0, 0, 0, 0, 0, 0, 0, 0, 0, 0, 0, 0.0044444446, 0, 0, 0.0066666668, 0, 0, 0, 0, 0, 0, 0.0022222223, 0, 0.0022222223, 0, 0, 0, 0, 0.057777777, 0, 0, 0, 0, 0, 0, 0, 0, 0.0022222223, 0, 0, 0, 0, 0, 0, 0, 0, 0, 0, 0, 0, 0, 0, 0, 0.0022222223, 0, 0, 0.0044444446, 0, 0, 0, 0, 0.015555556, 0, 0, 0.0022222223, 0, 0, 0, 0, 0, 0, 0.10444444, 0, 0, 0, 0, 0, 0.0022222223, 0, 0, 0, 0, 0, 0, 0, 0, 0, 0, 0, 0, 0, 0, 0, 0, 0.028888889, 0, 0, 0, 0, 0.0066666668, 0, 0, 0, 0, 0, 0, 0, 0, 0, 0, 0.0066666668, 0.0044444446, 0, 0, 0, 0.0022222223, 0, 0, 0, 0, 0, 0, 0, 0.0022222223, 0, 0, 0, 0, 0, 0.055555556, 0, 0, 0, 0, 0, 0, 0.0022222223, 0.0044444446, 0, 0, 0, 0.0044444446, 0, 0, 0, 0, 0, 0, 0, 0, 0.0044444446, 0, 0, 0.10888889, 0, 0, 0, 0, 0, 0.0022222223, 0, 0, 0, 0, 0, 0.0022222223, 0, 0, 0, 0, 0, 0, 0, 0, 0, 0, 0.0022222223, 0, 0, 0, 0, 0, 0, 0, 0, 0, 0, 0, 0, 0, 0, 0, 0, 0, 0, 0, 0.0022222223, 0, 0, 0, 0, 0.048888892, 0, 0, 0, 0, 0.0022222223, 0, 0, 0, 0, 0.0066666668, 0, 0, 0, 0, 0, 0.0044444446, 0, 0, 0.0088888891, 0, 0, 0, 0.0044444446, 0.0022222223, 0, 0, 0, 0, 0, 0, 0, 0, 0, 0, 0, 0.0022222223, 0, 0, 0, 0, 0, 0.0022222223, 0, 0, 0, 0, 0.015555556, 0, 0.0022222223, 0, 0, 0, 0, 0, 0, 0, 0, 0, 0, 0, 0, 0, 0, 0, 0, 0, 0, 0, 0, 0, 0, 0, 0, 0, 0, 0, 0, 0, 0, 0, 0.0022222223, 0, 0, 0, 0, 0, 0, 0, 0, 0, 0, 0, 0, 0, 0.0044444446, 0.0088888891, 0, 0, 0, 0, 0, 0, 0, 0, 0, 0.033333335, 0, 0, 0, 0.0022222223, 0, 0, 0.0066666668, 0, 0.060000002, 0, 0, 0, 0, 0, 0.011111111, 0, 0, 0, 0, 0, 0, 0, 0.046666667, 0, 0.0022222223, 0, 0, 0, 0, 0, 0, 0, 0, 0.0022222223, 0, 0, 0.0022222223, 0, 0.044444446, 0, 0, 0, 0, 0, 0, 0, 0.0088888891, 0, 0.0022222223, 0, 0, 0, 0.039999999, 0.0022222223, 0, 0.0022222223, 0, 0, 0, 0, 0, 0, 0, 0, 0, 0, 0, 0, 0, 0, 0, 0, 0, 0, 0, 0, 0, 0, 0, 0, 0, 0, 0.0022222223, 0, 0, 0, 0.013333334, 0, 0, 0, 0.0022222223, 0, 0, 0, 0.0022222223, 0, 0, 0, 0, 0, 0, 0, 0, 0, 0, 0, 0, 0, 0, 0, 0, 0, 0, 0, 0, 0, 0, 0, 0, 0, 0, 0, 0, 0, 0, 0.037777778, 0, 0.0022222223, 0, 0, 0, 0.0022222223, 0, 0, 0, 0, 0, 0, 0, 0, 0, 0, 0, 0.0022222223, 0, 0, 0.0022222223, 0.062222224, 0, 0
0, 0, 0, 0, 0, 0, 0.021201413, 0, 0, 0, 0, 0, 0, 0, 0, 0, 0, 0, 0, 0, 0, 0, 0, 0, 0, 0, 0, 0, 0, 0, 0, 0, 0, 0, 0, 0, 0, 0, 0.014134276, 0, 0, 0, 0, 0, 0, 0, 0, 0, 0, 0, 0, 0, 0, 0.017667845, 0, 0, 0.028268551, 0, 0, 0, 0, 0, 0, 0, 0, 0, 0, 0.0035335689, 0, 0, 0.0035335689, 0, 0, 0, 0, 0, 0, 0, 0, 0, 0, 0, 0, 0, 0, 0, 0, 0, 0, 0, 0, 0, 0, 0, 0, 0, 0, 0, 0, 0, 0, 0, 0, 0.0035335689, 0, 0, 0, 0, 0, 0, 0, 0.0035335689, 0, 0.16607773, 0, 0, 0, 0, 0, 0, 0, 0, 0, 0, 0, 0, 0, 0, 0, 0, 0, 0, 0.0070671379, 0, 0, 0, 0, 0, 0, 0, 0, 0.024734983, 0, 0, 0, 0, 0, 0, 0, 0, 0, 0, 0, 0, 0, 0, 0, 0, 0, 0, 0, 0, 0, 0, 0, 0, 0, 0, 0, 0, 0, 0.15194346, 0, 0, 0, 0, 0, 0, 0, 0.0035335689, 0, 0, 0, 0, 0, 0, 0, 0, 0, 0, 0, 0, 0, 0, 0, 0.021201413, 0, 0, 0, 0, 0, 0, 0, 0, 0, 0, 0, 0, 0, 0, 0, 0, 0, 0, 0, 0, 0, 0, 0, 0, 0, 0, 0, 0, 0, 0, 0, 0, 0, 0, 0, 0, 0, 0, 0, 0, 0, 0, 0.0070671379, 0, 0, 0, 0, 0.014134276, 0, 0, 0, 0, 0, 0, 0, 0, 0, 0.17667845, 0, 0, 0, 0, 0, 0, 0, 0, 0, 0, 0, 0, 0, 0, 0, 0, 0, 0, 0, 0, 0, 0, 0, 0, 0, 0, 0, 0, 0, 0, 0, 0, 0.0035335689, 0, 0, 0, 0.053003535, 0, 0, 0, 0, 0, 0, 0, 0, 0, 0, 0, 0, 0, 0, 0, 0, 0, 0, 0, 0, 0, 0, 0, 0, 0, 0, 0, 0, 0, 0, 0, 0, 0, 0, 0, 0, 0, 0, 0, 0, 0, 0, 0, 0, 0, 0, 0, 0, 0, 0, 0, 0, 0, 0, 0, 0, 0, 0, 0.056537103, 0, 0, 0, 0, 0, 0, 0.0035335689, 0, 0.024734983, 0, 0, 0, 0, 0, 0.010600707, 0, 0, 0, 0, 0, 0, 0, 0.0035335689, 0, 0, 0, 0, 0, 0, 0, 0, 0, 0, 0, 0, 0, 0, 0, 0.067137808, 0.0035335689, 0, 0, 0, 0, 0, 0, 0, 0, 0.0035335689, 0, 0, 0, 0.021201413, 0, 0, 0, 0, 0, 0, 0, 0, 0, 0, 0, 0, 0, 0, 0, 0, 0, 0, 0, 0, 0, 0, 0, 0, 0, 0, 0, 0, 0, 0, 0, 0, 0, 0.0035335689, 0, 0, 0, 0, 0, 0, 0, 0, 0, 0, 0, 0, 0, 0, 0.0035335689, 0, 0, 0, 0, 0, 0, 0, 0, 0, 0, 0, 0, 0, 0, 0, 0.0035335689, 0, 0, 0, 0, 0, 0, 0, 0.031802122, 0, 0, 0, 0, 0, 0, 0, 0, 0, 0, 0, 0, 0, 0, 0, 0, 0, 0, 0, 0, 0, 0.038869258, 0, 0
0.0029239766, 0, 0, 0, 0, 0, 0.043859649, 0.0029239766, 0, 0, 0, 0.0029239766, 0, 0, 0, 0, 0, 0, 0, 0, 0, 0, 0, 0.0029239766, 0, 0, 0, 0, 0, 0, 0, 0, 0, 0, 0, 0, 0, 0, 0.01754386, 0, 0, 0, 0, 0, 0.0029239766, 0, 0, 0, 0, 0, 0, 0, 0, 0.01754386, 0, 0, 0.052631579, 0, 0, 0, 0, 0, 0.0029239766, 0, 0, 0, 0, 0, 0, 0, 0.023391813, 0, 0, 0, 0, 0, 0, 0, 0, 0, 0, 0, 0, 0, 0, 0, 0, 0, 0, 0, 0, 0, 0, 0, 0, 0, 0, 0, 0, 0, 0, 0, 0, 0.0058479533, 0, 0, 0, 0, 0, 0, 0, 0, 0, 0.064327486, 0, 0, 0, 0, 0, 0, 0, 0, 0, 0, 0, 0, 0, 0, 0.0029239766, 0, 0, 0, 0.0029239766, 0, 0.0029239766, 0, 0.0029239766, 0, 0, 0, 0, 0.046783626, 0.0029239766, 0, 0, 0, 0.0029239766, 0, 0, 0, 0, 0, 0, 0, 0, 0, 0, 0, 0, 0, 0, 0, 0, 0, 0, 0, 0, 0, 0, 0, 0, 0.14619884, 0, 0, 0.0029239766, 0, 0, 0, 0.0029239766, 0, 0, 0, 0, 0, 0, 0, 0, 0, 0, 0, 0, 0, 0, 0, 0, 0.0087719299, 0, 0, 0, 0, 0.0029239766, 0, 0, 0, 0, 0, 0, 0, 0, 0, 0, 0, 0, 0, 0, 0, 0, 0, 0, 0, 0, 0, 0, 0, 0, 0, 0, 0, 0, 0, 0, 0, 0, 0, 0, 0, 0.0029239766, 0, 0.011695907, 0, 0.0058479533, 0, 0, 0.029239766, 0, 0, 0, 0, 0.0029239766, 0, 0, 0, 0, 0.13450292, 0, 0, 0, 0, 0, 0.011695907, 0, 0, 0, 0, 0, 0, 0, 0.0058479533, 0, 0, 0, 0, 0, 0, 0, 0, 0, 0, 0, 0, 0, 0, 0, 0, 0, 0.0029239766, 0, 0.0029239766, 0, 0, 0.038011696, 0, 0, 0, 0, 0, 0, 0, 0, 0, 0, 0.0029239766, 0.0029239766, 0, 0, 0, 0, 0.0029239766, 0, 0, 0, 0, 0, 0, 0, 0, 0, 0, 0, 0, 0, 0, 0, 0, 0.0029239766, 0, 0, 0, 0, 0, 0, 0, 0, 0, 0, 0, 0, 0, 0.0029239766, 0, 0, 0, 0, 0, 0, 0, 0, 0, 0, 0.061403509, 0.0029239766, 0, 0, 0.0029239766, 0, 0, 0, 0, 0.011695907, 0, 0, 0, 0, 0, 0, 0, 0, 0, 0, 0, 0, 0, 0.01754386, 0, 0, 0.0029239766, 0, 0, 0, 0, 0, 0, 0, 0, 0, 0, 0, 0, 0.058479533, 0, 0, 0, 0, 0, 0, 0, 0, 0, 0.0058479533, 0, 0, 0, 0.0029239766, 0.0029239766, 0, 0, 0, 0, 0, 0, 0, 0, 0, 0, 0, 0, 0, 0, 0, 0, 0, 0, 0, 0, 0, 0, 0, 0, 0, 0, 0, 0, 0, 0, 0, 0, 0.0029239766, 0, 0, 0.0029239766, 0, 0, 0, 0, 0, 0, 0, 0, 0, 0, 0, 0, 0, 0, 0, 0.0058479533, 0, 0, 0, 0, 0, 0, 0, 0, 0, 0, 0, 0, 0, 0, 0, 0, 0, 0, 0, 0.052631579, 0, 0, 0.0058479533, 0, 0, 0, 0, 0, 0, 0, 0, 0.0029239766, 0, 0, 0.0029239766, 0, 0, 0, 0.0029239766, 0, 0, 0.01754386, 0, 0
0, 0.012195121, 0, 0, 0, 0, 0.030487804, 0, 0, 0, 0, 0, 0, 0, 0, 0, 0, 0, 0, 0, 0, 0, 0, 0, 0, 0, 0, 0, 0.0060975607, 0, 0, 0, 0, 0, 0, 0, 0, 0, 0.036585364, 0, 0, 0, 0, 0, 0.0060975607, 0, 0, 0, 0, 0.0060975607, 0, 0.0060975607, 0, 0.0060975607, 0, 0, 0.018292682, 0, 0, 0, 0, 0, 0, 0, 0, 0, 0, 0, 0, 0, 0, 0, 0, 0, 0, 0, 0, 0, 0, 0, 0, 0, 0, 0, 0, 0, 0, 0, 0, 0, 0, 0, 0, 0, 0, 0, 0, 0, 0, 0, 0, 0, 0, 0.0060975607, 0, 0, 0, 0, 0, 0.0060975607, 0, 0, 0, 0.067073166, 0, 0, 0, 0, 0, 0, 0, 0, 0, 0, 0, 0, 0, 0, 0, 0, 0, 0, 0, 0, 0, 0, 0.012195121, 0, 0, 0, 0, 0.018292682, 0, 0, 0, 0, 0, 0, 0, 0, 0, 0, 0, 0, 0, 0, 0, 0, 0, 0, 0, 0, 0, 0, 0, 0, 0, 0.0060975607, 0, 0, 0, 0.1402439, 0, 0, 0.0060975607, 0, 0, 0, 0, 0.0060975607, 0, 0, 0, 0, 0, 0, 0, 0, 0, 0, 0, 0, 0.0060975607, 0, 0, 0.012195121, 0, 0, 0, 0, 0, 0, 0, 0, 0, 0, 0, 0, 0, 0, 0, 0, 0, 0, 0, 0, 0, 0, 0, 0, 0, 0, 0, 0, 0, 0, 0, 0, 0, 0, 0, 0, 0, 0, 0, 0, 0, 0, 0, 0.0060975607, 0, 0, 0, 0.036585364, 0, 0, 0, 0, 0, 0, 0, 0, 0, 0.024390243, 0, 0, 0, 0, 0, 0, 0, 0, 0.0060975607, 0, 0, 0, 0, 0, 0, 0, 0, 0, 0, 0, 0, 0, 0, 0, 0, 0, 0, 0, 0, 0, 0, 0, 0, 0, 0, 0, 0.030487804, 0, 0.0060975607, 0, 0, 0, 0, 0, 0, 0, 0, 0, 0, 0, 0, 0, 0, 0, 0.0060975607, 0, 0, 0, 0, 0, 0, 0, 0, 0, 0, 0, 0, 0, 0, 0, 0.0060975607, 0.0060975607, 0, 0, 0, 0, 0, 0, 0, 0, 0, 0, 0, 0, 0.0060975607, 0.0060975607, 0, 0, 0, 0, 0, 0, 0, 0, 0, 0.030487804, 0, 0, 0, 0, 0, 0, 0.0060975607, 0, 0.030487804, 0, 0, 0, 0, 0, 0, 0, 0, 0, 0, 0, 0, 0, 0.042682923, 0, 0, 0, 0, 0, 0, 0, 0, 0, 0, 0, 0, 0, 0, 0, 0.12195121, 0, 0, 0, 0, 0, 0, 0, 0, 0, 0, 0, 0, 0, 0, 0, 0, 0.0060975607, 0, 0, 0, 0, 0, 0, 0, 0, 0, 0, 0, 0, 0, 0, 0, 0, 0, 0, 0, 0, 0, 0, 0, 0, 0, 0, 0, 0, 0, 0, 0.054878049, 0, 0, 0, 0, 0, 0, 0, 0, 0, 0, 0, 0, 0, 0, 0, 0.0060975607, 0, 0, 0, 0, 0, 0, 0, 0, 0, 0, 0, 0, 0, 0, 0, 0, 0, 0, 0, 0, 0.0060975607, 0, 0.091463409, 0, 0.0060975607, 0, 0, 0, 0, 0, 0, 0, 0, 0, 0, 0, 0, 0, 0, 0, 0, 0, 0, 0, 0.042682923, 0, 0
0, 0, 0, 0, 0, 0, 0.041666668, 0.0024509805, 0, 0.004901961, 0, 0, 0, 0, 0, 0, 0, 0, 0, 0, 0, 0, 0.0024509805, 0, 0, 0, 0, 0, 0.004901961, 0, 0, 0, 0, 0, 0, 0.004901961, 0, 0, 0.012254902, 0, 0, 0, 0, 0, 0, 0, 0, 0, 0, 0, 0, 0, 0, 0.061274514, 0, 0, 0.014705883, 0, 0, 0, 0, 0, 0, 0, 0, 0, 0.0024509805, 0.0024509805, 0.0024509805, 0, 0.0098039219, 0, 0.0024509805, 0, 0, 0, 0, 0, 0, 0, 0, 0, 0, 0, 0, 0, 0, 0, 0.0024509805, 0, 0, 0, 0, 0, 0.0024509805, 0, 0, 0, 0.004901961, 0, 0, 0, 0, 0.022058824, 0, 0, 0, 0, 0, 0, 0, 0.0024509805, 0, 0.058823533, 0, 0, 0, 0, 0, 0, 0, 0, 0, 0, 0, 0, 0, 0, 0.0024509805, 0, 0, 0, 0, 0.0024509805, 0, 0, 0.0024509805, 0, 0, 0, 0, 0.019607844, 0, 0, 0, 0, 0, 0, 0, 0, 0, 0, 0, 0, 0, 0.0024509805, 0, 0, 0, 0, 0, 0, 0, 0, 0, 0, 0, 0, 0, 0, 0, 0.083333336, 0, 0, 0, 0, 0, 0, 0.0024509805, 0, 0, 0, 0, 0, 0, 0, 0, 0, 0.0024509805, 0, 0, 0, 0, 0, 0, 0.004901961, 0, 0, 0, 0, 0, 0, 0, 0, 0, 0, 0, 0, 0, 0, 0, 0, 0, 0, 0, 0, 0, 0, 0, 0, 0, 0, 0, 0, 0.0024509805, 0, 0, 0, 0, 0.0024509805, 0, 0, 0, 0, 0, 0, 0, 0.0024509805, 0.0098039219, 0, 0.0024509805, 0, 0, 0.12990196, 0, 0, 0, 0, 0, 0, 0, 0, 0.0024509805, 0.041666668, 0, 0, 0, 0, 0, 0, 0, 0, 0, 0.0024509805, 0, 0, 0, 0, 0, 0, 0, 0, 0, 0, 0, 0, 0, 0, 0, 0.0024509805, 0, 0.0024509805, 0, 0, 0, 0, 0, 0, 0, 0, 0.0073529417, 0, 0.004901961, 0, 0, 0, 0, 0, 0, 0.0024509805, 0, 0, 0, 0, 0, 0, 0, 0, 0, 0, 0, 0, 0.0024509805, 0, 0, 0, 0.0024509805, 0.0024509805, 0, 0, 0, 0, 0, 0, 0, 0, 0, 0, 0, 0, 0, 0, 0, 0, 0, 0, 0, 0, 0.0024509805, 0, 0, 0, 0, 0.0024509805, 0, 0, 0, 0, 0, 0.029411767, 0, 0, 0, 0, 0, 0, 0, 0, 0.024509804, 0, 0, 0, 0.0024509805, 0, 0, 0, 0, 0, 0, 0, 0, 0, 0.0098039219, 0, 0, 0, 0, 0, 0, 0, 0, 0.0024509805, 0, 0, 0, 0, 0, 0.0024509805, 0.18627451, 0, 0, 0, 0, 0, 0, 0.0024509805, 0, 0.0024509805, 0.0024509805, 0, 0, 0, 0.0024509805, 0.0073529417, 0.0024509805, 0, 0, 0, 0, 0, 0, 0, 0, 0, 0, 0, 0, 0, 0.0024509805, 0, 0, 0.0024509805, 0, 0.0024509805, 0, 0, 0, 0, 0, 0, 0, 0, 0, 0, 0, 0, 0.031862747, 0, 0, 0.0024509805, 0, 0, 0, 0, 0, 0, 0, 0, 0, 0, 0, 0, 0, 0, 0, 0.004901961, 0, 0, 0, 0, 0, 0, 0, 0, 0.0024509805, 0, 0, 0, 0, 0, 0, 0, 0, 0, 0, 0.039215688, 0, 0, 0, 0, 0, 0, 0, 0, 0, 0, 0, 0, 0, 0, 0, 0, 0, 0, 0, 0, 0, 0.014705883, 0, 0.0073529417
0, 0, 0, 0, 0, 0, 0.01056338, 0, 0, 0.0035211267, 0, 0, 0, 0, 0, 0, 0, 0, 0, 0, 0.0035211267, 0, 0, 0, 0, 0, 0, 0, 0, 0, 0, 0, 0, 0.0035211267, 0, 0.0035211267, 0, 0, 0.0035211267, 0, 0, 0, 0, 0, 0, 0, 0, 0, 0, 0, 0, 0, 0, 0.11619718, 0.0035211267, 0, 0.0035211267, 0, 0, 0, 0, 0, 0, 0, 0, 0, 0, 0, 0.0035211267, 0, 0.02112676, 0, 0, 0, 0, 0, 0, 0, 0, 0, 0, 0, 0, 0, 0, 0, 0, 0, 0, 0, 0, 0, 0, 0, 0, 0, 0, 0, 0.0070422534, 0, 0, 0, 0.0035211267, 0.02112676, 0, 0, 0, 0, 0, 0, 0, 0.0035211267, 0, 0.031690139, 0, 0, 0, 0, 0, 0, 0, 0.0035211267, 0, 0, 0, 0, 0, 0, 0, 0, 0, 0.0035211267, 0, 0, 0.0070422534, 0, 0.0070422534, 0, 0, 0, 0, 0.0070422534, 0, 0, 0, 0, 0, 0, 0, 0, 0, 0, 0.0035211267, 0, 0, 0.0035211267, 0, 0, 0.0035211267, 0, 0, 0, 0, 0, 0, 0, 0, 0.0035211267, 0, 0, 0.0035211267, 0.080985911, 0, 0, 0, 0, 0, 0, 0, 0, 0, 0, 0, 0, 0, 0, 0, 0, 0, 0, 0, 0, 0, 0, 0, 0.01056338, 0, 0.0035211267, 0, 0, 0, 0, 0, 0, 0, 0, 0, 0, 0.0035211267, 0, 0, 0, 0, 0, 0, 0, 0, 0, 0, 0.0035211267, 0, 0, 0, 0, 0.0035211267, 0, 0, 0, 0, 0.0035211267, 0, 0, 0, 0, 0, 0, 0, 0, 0.01056338, 0, 0.017605633, 0, 0, 0.066901408, 0, 0, 0, 0.0035211267, 0, 0, 0, 0, 0, 0.049295776, 0, 0, 0, 0, 0, 0, 0, 0, 0, 0, 0, 0, 0, 0.0070422534, 0, 0, 0, 0.0035211267, 0, 0, 0, 0, 0, 0, 0, 0.0035211267, 0, 0, 0, 0, 0, 0, 0.0035211267, 0, 0, 0.0035211267, 0.028169014, 0, 0.0070422534, 0, 0, 0, 0, 0, 0, 0.0035211267, 0, 0, 0, 0, 0, 0, 0, 0.0035211267, 0, 0, 0, 0, 0, 0, 0, 0, 0, 0, 0.0035211267, 0, 0, 0, 0.0035211267, 0.0035211267, 0, 0, 0, 0, 0, 0, 0, 0, 0, 0, 0, 0, 0, 0, 0, 0.01056338, 0, 0, 0.0035211267, 0, 0, 0, 0, 0, 0, 0.049295776, 0.0035211267, 0, 0, 0, 0, 0, 0, 0, 0.028169014, 0, 0, 0, 0.0035211267, 0, 0, 0, 0.0035211267, 0, 0, 0, 0, 0, 0.017605633, 0, 0.0070422534, 0.0035211267, 0, 0, 0, 0, 0, 0, 0, 0, 0, 0, 0, 0, 0.10211267, 0, 0, 0, 0, 0, 0, 0, 0, 0, 0.0035211267, 0, 0, 0, 0.0070422534, 0, 0, 0, 0, 0, 0, 0, 0, 0, 0, 0, 0, 0, 0, 0, 0, 0, 0, 0, 0, 0, 0, 0, 0, 0, 0, 0, 0, 0, 0, 0, 0, 0, 0.049295776, 0, 0, 0.0035211267, 0, 0, 0, 0, 0, 0, 0, 0.0035211267, 0, 0, 0, 0, 0, 0, 0, 0, 0, 0, 0, 0, 0, 0, 0, 0, 0, 0, 0, 0, 0.0035211267, 0.0035211267, 0, 0.0035211267, 0, 0, 0, 0.035211265, 0, 0, 0, 0, 0, 0, 0, 0, 0, 0, 0, 0, 0, 0, 0, 0, 0, 0, 0, 0, 0, 0.035211265, 0, 0
0, 0, 0.0025706941, 0, 0, 0, 0.0051413882, 0, 0, 0, 0, 0, 0, 0, 0, 0.0025706941, 0, 0.0025706941, 0, 0, 0, 0, 0, 0, 0, 0, 0, 0, 0, 0, 0, 0, 0, 0, 0, 0, 0, 0, 0.012853471, 0, 0, 0, 0, 0, 0.0051413882, 0, 0, 0, 0.0025706941, 0, 0, 0, 0, 0.059125964, 0, 0, 0.035989717, 0, 0, 0, 0, 0, 0, 0.0025706941, 0, 0.0025706941, 0, 0, 0, 0, 0.025706941, 0, 0, 0, 0, 0, 0, 0, 0, 0, 0, 0, 0, 0, 0, 0, 0, 0, 0, 0, 0, 0, 0, 0, 0, 0, 0, 0.007712082, 0.0025706941, 0, 0, 0, 0, 0.012853471, 0, 0, 0, 0, 0, 0, 0, 0, 0, 0.010282776, 0, 0, 0, 0, 0, 0, 0, 0, 0, 0, 0, 0, 0, 0, 0, 0, 0.0025706941, 0, 0, 0, 0, 0, 0.025706941, 0, 0, 0, 0, 0, 0, 0, 0.0051413882, 0, 0, 0, 0.0025706941, 0, 0, 0, 0, 0, 0, 0, 0, 0.0025706941, 0, 0.0025706941, 0, 0, 0, 0, 0, 0, 0, 0, 0, 0, 0, 0.015424164, 0, 0.0025706941, 0, 0, 0, 0, 0.0025706941, 0, 0, 0, 0, 0, 0, 0.0025706941, 0, 0.0025706941, 0, 0.0025706941, 0, 0.0051413882, 0.007712082, 0, 0, 0.2159383, 0, 0, 0.0025706941, 0.0025706941, 0, 0, 0.0025706941, 0, 0, 0, 0.0025706941, 0, 0.0025706941, 0, 0, 0, 0, 0.0051413882, 0, 0.0025706941, 0, 0, 0.007712082, 0, 0, 0, 0, 0, 0, 0.0051413882, 0, 0, 0.0025706941, 0.0025706941, 0, 0, 0, 0.0051413882, 0, 0, 0, 0, 0, 0, 0.007712082, 0, 0, 0.048843186, 0, 0, 0, 0.0025706941, 0.0051413882, 0, 0, 0, 0, 0, 0.0025706941, 0.0025706941, 0, 0.0025706941, 0, 0, 0, 0, 0, 0, 0, 0.010282776, 0.0025706941, 0, 0, 0, 0, 0, 0, 0, 0, 0, 0, 0, 0, 0.0025706941, 0, 0, 0, 0, 0, 0, 0, 0, 0, 0, 0.010282776, 0.0025706941, 0.0025706941, 0, 0, 0, 0, 0, 0, 0, 0, 0, 0, 0, 0, 0, 0, 0, 0, 0, 0, 0, 0, 0, 0, 0, 0, 0.0051413882, 0, 0, 0, 0, 0, 0, 0, 0, 0, 0, 0, 0, 0, 0, 0.0025706941, 0, 0, 0, 0, 0, 0, 0, 0, 0.0051413882, 0, 0.0025706941, 0, 0, 0, 0, 0, 0.012853471, 0, 0, 0, 0, 0, 0, 0.015424164, 0, 0.056555271, 0, 0, 0, 0, 0, 0, 0, 0, 0, 0, 0, 0, 0, 0.007712082, 0, 0, 0, 0, 0.007712082, 0, 0, 0, 0, 0, 0, 0, 0, 0, 0, 0.007712082, 0, 0, 0.0025706941, 0.0025706941, 0, 0, 0, 0.0051413882, 0, 0.0051413882, 0, 0, 0, 0.028277636, 0, 0, 0.0051413882, 0, 0, 0, 0, 0, 0, 0, 0, 0, 0, 0, 0, 0, 0, 0, 0, 0, 0, 0, 0, 0, 0, 0, 0, 0.0025706941, 0.0025706941, 0, 0, 0, 0, 0.069408737, 0, 0, 0, 0, 0, 0, 0, 0, 0, 0, 0.0051413882, 0, 0, 0, 0, 0, 0, 0, 0, 0, 0, 0, 0, 0, 0.0051413882, 0, 0, 0, 0, 0, 0, 0, 0.0025706941, 0, 0, 0, 0, 0, 0.007712082, 0, 0, 0, 0, 0, 0, 0, 0.017994858, 0, 0, 0, 0.0025706941, 0, 0, 0, 0, 0, 0, 0, 0, 0.0025706941, 0.069408737, 0.0025706941, 0
0, 0.0047732699, 0, 0, 0, 0, 0.028639618, 0, 0, 0, 0, 0, 0, 0, 0, 0, 0, 0.0023866349, 0, 0, 0, 0, 0, 0.0023866349, 0, 0, 0, 0, 0, 0.0023866349, 0, 0, 0.0023866349, 0, 0, 0.0071599046, 0.0023866349, 0, 0.021479715, 0, 0, 0.0047732699, 0, 0, 0, 0, 0, 0, 0, 0, 0, 0, 0, 0.019093079, 0.0047732699, 0, 0.038186159, 0, 0, 0, 0, 0, 0, 0.0023866349, 0, 0, 0, 0.0023866349, 0, 0, 0.014319809, 0, 0, 0.0023866349, 0, 0, 0, 0, 0, 0.0023866349, 0, 0, 0, 0, 0, 0, 0, 0.0023866349, 0, 0, 0, 0, 0, 0, 0.0023866349, 0, 0, 0, 0.011933175, 0, 0, 0, 0, 0.0071599046, 0.0023866349, 0, 0, 0.0023866349, 0, 0.0023866349, 0, 0.0023866349, 0, 0.11455847, 0, 0, 0, 0, 0, 0, 0.0023866349, 0, 0, 0, 0, 0, 0, 0.0023866349, 0, 0, 0, 0.0047732699, 0, 0, 0.0023866349, 0, 0.019093079, 0, 0, 0, 0, 0.026252985, 0.0023866349, 0, 0, 0, 0.0023866349, 0, 0.0023866349, 0, 0.0023866349, 0, 0.0023866349, 0.0023866349, 0, 0, 0, 0, 0, 0, 0.0023866349, 0, 0, 0, 0, 0, 0, 0, 0, 0, 0, 0.076372318, 0, 0, 0, 0, 0, 0, 0.0047732699, 0.0023866349, 0, 0, 0, 0, 0, 0, 0, 0.0023866349, 0, 0, 0, 0.0023866349, 0, 0, 0, 0.083532222, 0, 0, 0, 0, 0, 0, 0, 0, 0, 0, 0, 0, 0, 0, 0, 0, 0, 0, 0, 0, 0, 0, 0, 0, 0, 0, 0, 0, 0, 0, 0, 0, 0, 0, 0, 0.0023866349, 0, 0, 0, 0, 0, 0, 0.0023866349, 0, 0, 0, 0, 0.026252985, 0.0023866349, 0, 0, 0, 0.0047732699, 0, 0, 0, 0, 0.031026253, 0, 0, 0, 0, 0, 0.0071599046, 0, 0, 0.0023866349, 0, 0.0047732699, 0, 0, 0, 0, 0, 0, 0, 0, 0, 0, 0, 0, 0, 0, 0, 0, 0, 0, 0, 0, 0, 0, 0, 0, 0, 0.028639618, 0, 0, 0, 0, 0, 0, 0, 0, 0, 0, 0, 0, 0, 0, 0, 0, 0, 0, 0, 0.0023866349, 0, 0, 0.0023866349, 0, 0, 0, 0, 0, 0, 0, 0, 0, 0, 0, 0, 0, 0, 0, 0, 0, 0.0023866349, 0, 0, 0, 0, 0, 0, 0.014319809, 0, 0, 0.0023866349, 0, 0, 0, 0.0023866349, 0, 0, 0, 0.026252985, 0, 0, 0, 0, 0, 0, 0.016706444, 0, 0.026252985, 0, 0.0023866349, 0, 0, 0, 0.0023866349, 0, 0.0023866349, 0, 0, 0, 0, 0, 0.042959429, 0, 0, 0, 0, 0, 0, 0, 0, 0, 0, 0, 0, 0, 0, 0, 0.014319809, 0, 0, 0, 0, 0, 0, 0, 0, 0, 0, 0, 0, 0, 0.014319809, 0, 0, 0, 0, 0, 0, 0.0023866349, 0, 0, 0, 0, 0, 0, 0.0023866349, 0, 0, 0, 0, 0, 0, 0, 0, 0, 0, 0, 0, 0, 0.0023866349, 0, 0.0023866349, 0, 0, 0, 0.028639618, 0, 0, 0.0023866349, 0, 0, 0, 0, 0, 0, 0, 0.0047732699, 0, 0, 0.0023866349, 0, 0, 0, 0, 0, 0, 0, 0, 0, 0, 0.0047732699, 0, 0, 0, 0, 0, 0, 0, 0, 0, 0, 0, 0, 0, 0.019093079, 0.0023866349, 0, 0, 0, 0, 0.0023866349, 0, 0.0047732699, 0, 0, 0, 0, 0, 0, 0, 0, 0, 0.0023866349, 0, 0, 0.0023866349, 0.069212414, 0, 0
0, 0.0051020407, 0, 0, 0, 0, 0.012755102, 0, 0, 0, 0, 0, 0, 0, 0, 0, 0, 0.0025510204, 0, 0, 0.0025510204, 0, 0, 0, 0, 0, 0, 0, 0.0051020407, 0, 0, 0.0025510204, 0, 0, 0, 0, 0, 0, 0.068877548, 0, 0, 0, 0, 0, 0, 0, 0, 0, 0, 0, 0.0025510204, 0, 0, 0.010204081, 0, 0, 0.040816326, 0, 0, 0, 0, 0, 0.0051020407, 0.0025510204, 0, 0.0025510204, 0, 0.0025510204, 0, 0, 0.017857142, 0, 0, 0, 0, 0, 0, 0, 0, 0.0025510204, 0, 0, 0, 0, 0, 0, 0, 0, 0, 0, 0, 0, 0, 0, 0, 0, 0.0025510204, 0, 0.010204081, 0, 0, 0, 0, 0.030612245, 0, 0, 0, 0.0025510204, 0, 0.0025510204, 0, 0, 0, 0.045918368, 0, 0, 0, 0, 0, 0, 0, 0, 0, 0, 0, 0, 0, 0, 0, 0, 0, 0.0051020407, 0.0051020407, 0, 0.0076530613, 0, 0.012755102, 0, 0, 0.0025510204, 0, 0.028061224, 0, 0, 0, 0, 0, 0, 0, 0, 0, 0, 0.0025510204, 0.0025510204, 0, 0, 0, 0, 0, 0, 0, 0.0025510204, 0, 0.0025510204, 0, 0, 0, 0, 0, 0, 0, 0.035714284, 0, 0, 0, 0, 0, 0, 0, 0, 0, 0, 0, 0, 0, 0, 0, 0, 0, 0, 0, 0, 0.015306123, 0, 0, 0.096938774, 0.0025510204, 0, 0, 0, 0, 0, 0, 0.0025510204, 0, 0, 0, 0, 0, 0, 0, 0, 0, 0, 0, 0, 0, 0, 0, 0.0025510204, 0, 0, 0, 0, 0, 0, 0, 0, 0, 0, 0, 0, 0, 0.0025510204, 0, 0, 0, 0, 0.0025510204, 0.0051020407, 0.0076530613, 0, 0, 0.015306123, 0.0025510204, 0, 0, 0, 0, 0, 0, 0, 0.0025510204, 0.06122449, 0, 0, 0.0025510204, 0, 0, 0.0025510204, 0, 0, 0, 0, 0, 0, 0, 0.0025510204, 0, 0, 0, 0, 0, 0, 0, 0, 0, 0, 0, 0.0025510204, 0.0025510204, 0, 0.0025510204, 0, 0, 0.0025510204, 0, 0, 0, 0, 0.043367345, 0.0025510204, 0.0051020407, 0, 0, 0, 0, 0, 0, 0, 0, 0, 0, 0, 0, 0, 0, 0.0025510204, 0, 0, 0, 0, 0, 0, 0, 0, 0, 0, 0, 0, 0, 0, 0, 0, 0, 0, 0, 0, 0, 0, 0, 0, 0, 0, 0, 0.0025510204, 0, 0, 0.015306123, 0.0025510204, 0, 0.0025510204, 0, 0.0025510204, 0, 0, 0, 0.0025510204, 0, 0.017857142, 0, 0, 0, 0, 0, 0, 0.010204081, 0, 0.015306123, 0.0025510204, 0, 0, 0, 0, 0, 0, 0, 0, 0, 0, 0, 0, 0.056122448, 0, 0, 0, 0.0025510204, 0, 0, 0, 0, 0.0025510204, 0, 0, 0, 0, 0, 0, 0.028061224, 0, 0, 0, 0, 0.0025510204, 0, 0.0025510204, 0, 0.0025510204, 0.0025510204, 0, 0, 0, 0.010204081, 0.0025510204, 0, 0, 0, 0, 0, 0, 0, 0, 0, 0, 0, 0, 0.0025510204, 0, 0, 0, 0, 0, 0, 0, 0, 0, 0, 0.0025510204, 0, 0, 0, 0, 0, 0, 0, 0, 0.017857142, 0, 0.0025510204, 0, 0, 0, 0.0025510204, 0, 0.0025510204, 0, 0, 0.0025510204, 0, 0, 0, 0, 0, 0, 0, 0.0051020407, 0, 0, 0, 0, 0, 0.0025510204, 0, 0, 0, 0, 0, 0, 0, 0, 0, 0, 0, 0.0025510204, 0, 0.0025510204, 0, 0.0076530613, 0, 0, 0, 0, 0, 0.0051020407, 0, 0, 0, 0, 0, 0, 0, 0, 0, 0.0025510204, 0, 0, 0, 0.073979594, 0, 0
0.0024813896, 0.0024813896, 0, 0, 0, 0, 0.019851116, 0, 0.0024813896, 0, 0, 0, 0, 0, 0, 0.0024813896, 0, 0.0074441684, 0, 0, 0.0024813896, 0, 0, 0.0024813896, 0, 0, 0, 0.0024813896, 0.0024813896, 0, 0, 0, 0, 0, 0, 0.0024813896, 0.0024813896, 0, 0.027295286, 0, 0, 0.0024813896, 0, 0, 0.0024813896, 0.0024813896, 0, 0, 0, 0, 0, 0.0049627791, 0, 0.019851116, 0, 0, 0.029776674, 0, 0, 0, 0, 0, 0, 0.0024813896, 0.0024813896, 0, 0, 0, 0, 0, 0.022332506, 0, 0, 0, 0, 0, 0, 0, 0, 0, 0, 0, 0.0024813896, 0.0024813896, 0, 0, 0, 0, 0, 0, 0, 0, 0, 0, 0, 0, 0.0024813896, 0, 0.024813896, 0, 0, 0, 0, 0.062034737, 0, 0, 0.0049627791, 0, 0, 0, 0, 0, 0, 0.032258064, 0, 0, 0.0024813896, 0, 0, 0, 0, 0, 0, 0.0024813896, 0, 0.0024813896, 0, 0.0024813896, 0, 0, 0, 0, 0.0024813896, 0, 0.0024813896, 0, 0.012406948, 0, 0.0024813896, 0, 0, 0.0099255582, 0, 0, 0, 0, 0, 0, 0, 0.0024813896, 0, 0.0024813896, 0, 0, 0, 0, 0, 0.0024813896, 0, 0, 0, 0, 0, 0, 0, 0.0024813896, 0, 0.0049627791, 0, 0, 0, 0.049627792, 0, 0, 0.0049627791, 0, 0, 0, 0.0024813896, 0, 0.0024813896, 0, 0, 0, 0, 0, 0, 0, 0, 0, 0, 0.0024813896, 0.0099255582, 0, 0, 0.0719603, 0, 0, 0, 0, 0, 0, 0, 0.0024813896, 0, 0, 0, 0, 0, 0, 0, 0, 0.0024813896, 0, 0, 0.0024813896, 0, 0, 0, 0, 0, 0, 0, 0, 0.0049627791, 0, 0, 0, 0, 0.0024813896, 0, 0, 0, 0, 0, 0, 0, 0, 0.0074441684, 0, 0.014888337, 0, 0, 0.024813896, 0, 0.0024813896, 0, 0, 0, 0, 0, 0, 0.0024813896, 0.022332506, 0.0024813896, 0, 0, 0, 0, 0, 0.0024813896, 0, 0, 0, 0, 0, 0, 0.0024813896, 0, 0, 0, 0, 0, 0, 0, 0, 0, 0, 0, 0.0024813896, 0, 0.012406948, 0.0024813896, 0, 0, 0, 0, 0, 0, 0, 0.039702233, 0.0024813896, 0, 0, 0, 0, 0.0024813896, 0, 0, 0, 0, 0, 0, 0, 0, 0, 0, 0.0024813896, 0, 0.0024813896, 0.0024813896, 0, 0, 0, 0, 0, 0, 0, 0, 0, 0, 0, 0.0024813896, 0, 0, 0, 0, 0, 0, 0, 0, 0, 0.0024813896, 0, 0, 0, 0, 0, 0.0024813896, 0.0049627791, 0, 0, 0, 0.0049627791, 0, 0, 0, 0, 0, 0.017369727, 0, 0.0074441684, 0, 0, 0, 0, 0, 0, 0.034739453, 0, 0.0024813896, 0, 0, 0.0024813896, 0.0024813896, 0, 0.0024813896, 0, 0, 0, 0, 0.0024813896, 0.027295286, 0, 0.0024813896, 0, 0, 0.0024813896, 0, 0, 0, 0, 0, 0, 0, 0, 0, 0.0099255582, 0.059553348, 0, 0, 0, 0.0024813896, 0.0024813896, 0, 0, 0, 0, 0.0024813896, 0, 0, 0, 0.029776674, 0, 0, 0, 0, 0, 0, 0.0024813896, 0, 0, 0, 0, 0, 0.0024813896, 0, 0, 0.0024813896, 0, 0, 0, 0.0024813896, 0, 0, 0, 0, 0.0049627791, 0, 0, 0, 0, 0, 0, 0, 0.0024813896, 0.017369727, 0, 0, 0, 0, 0, 0, 0, 0.0049627791, 0, 0, 0, 0, 0, 0, 0, 0, 0, 0, 0.0024813896, 0, 0, 0, 0, 0, 0.0049627791, 0, 0, 0, 0, 0, 0, 0, 0.0049627791, 0, 0, 0, 0, 0, 0.0074441684, 0, 0, 0, 0, 0, 0, 0, 0.0024813896, 0, 0, 0, 0, 0, 0, 0, 0, 0, 0.0074441684, 0, 0, 0, 0.037220843, 0, 0
0, 0, 0, 0, 0, 0, 0.046082951, 0, 0, 0, 0, 0, 0, 0, 0, 0, 0, 0.0046082949, 0, 0, 0, 0, 0, 0, 0, 0, 0, 0, 0.0023041475, 0, 0, 0, 0.0023041475, 0, 0, 0, 0, 0, 0.0046082949, 0.0023041475, 0, 0, 0, 0, 0, 0, 0.0023041475, 0, 0, 0, 0, 0.0023041475, 0, 0.052995391, 0, 0, 0.023041476, 0, 0, 0, 0, 0, 0, 0, 0, 0, 0, 0.0046082949, 0, 0, 0.0069124424, 0, 0, 0, 0, 0, 0, 0, 0, 0, 0, 0, 0, 0, 0, 0, 0, 0, 0, 0, 0, 0, 0, 0, 0, 0, 0, 0, 0, 0, 0, 0, 0, 0.023041476, 0, 0.0023041475, 0, 0, 0, 0, 0, 0, 0, 0.069124423, 0, 0, 0, 0, 0, 0, 0, 0, 0, 0, 0, 0.0023041475, 0, 0, 0, 0, 0.0023041475, 0.0023041475, 0, 0, 0.0046082949, 0, 0, 0, 0, 0, 0, 0.011520738, 0, 0, 0, 0, 0, 0, 0, 0.0023041475, 0.0023041475, 0, 0, 0, 0, 0, 0, 0, 0, 0, 0, 0, 0, 0, 0, 0, 0, 0, 0, 0, 0, 0.057603687, 0, 0, 0, 0, 0, 0, 0, 0, 0, 0, 0, 0, 0, 0, 0, 0, 0, 0, 0, 0, 0, 0, 0, 0.01843318, 0, 0, 0.0023041475, 0, 0, 0, 0, 0.0023041475, 0, 0, 0, 0, 0, 0, 0, 0, 0, 0, 0, 0, 0, 0, 0, 0.0023041475, 0, 0.0046082949, 0, 0.0023041475, 0.0023041475, 0, 0, 0, 0, 0, 0, 0, 0, 0, 0.0023041475, 0, 0, 0, 0.0046082949, 0.0023041475, 0, 0.0023041475, 0, 0.078341015, 0, 0, 0, 0, 0, 0, 0, 0, 0, 0.11751152, 0.0023041475, 0, 0, 0, 0, 0, 0.0023041475, 0, 0, 0, 0, 0, 0, 0.0023041475, 0, 0, 0, 0.0023041475, 0.0023041475, 0, 0, 0, 0, 0, 0, 0, 0, 0, 0, 0, 0, 0, 0, 0, 0, 0, 0.023041476, 0, 0, 0, 0, 0, 0, 0, 0, 0, 0, 0.0023041475, 0, 0, 0, 0, 0, 0.011520738, 0, 0, 0, 0, 0, 0, 0, 0, 0, 0, 0, 0, 0, 0, 0, 0, 0, 0, 0, 0, 0, 0, 0, 0, 0.0023041475, 0, 0, 0, 0, 0, 0, 0.0023041475, 0, 0.0023041475, 0, 0.0023041475, 0, 0, 0, 0, 0, 0.041474655, 0, 0, 0, 0, 0, 0, 0, 0, 0.023041476, 0, 0, 0, 0.0023041475, 0, 0, 0, 0.0046082949, 0, 0, 0, 0, 0, 0.025345622, 0, 0, 0, 0, 0, 0, 0, 0, 0, 0, 0, 0, 0, 0, 0.0023041475, 0.14976959, 0, 0.0023041475, 0, 0.0023041475, 0, 0, 0, 0, 0, 0.0046082949, 0, 0, 0, 0.0069124424, 0.0023041475, 0.0046082949, 0, 0, 0, 0, 0.0023041475, 0, 0, 0, 0, 0, 0, 0, 0, 0, 0, 0, 0, 0, 0, 0, 0, 0, 0, 0, 0.0023041475, 0, 0, 0, 0, 0, 0, 0.034562211, 0, 0, 0, 0, 0, 0.0023041475, 0, 0, 0, 0, 0, 0, 0, 0, 0.0046082949, 0.0023041475, 0, 0, 0, 0, 0, 0, 0, 0, 0, 0, 0, 0, 0, 0, 0, 0, 0, 0, 0, 0, 0, 0, 0.02764977, 0.0023041475, 0, 0, 0.0023041475, 0, 0, 0, 0.0023041475, 0, 0, 0, 0, 0, 0, 0.0023041475, 0, 0, 0, 0, 0, 0, 0.0092165899, 0, 0
0, 0, 0, 0, 0, 0, 0.03253796, 0, 0, 0.0021691974, 0.0021691974, 0.0043383949, 0, 0, 0, 0, 0, 0, 0, 0, 0.0021691974, 0, 0, 0, 0, 0, 0, 0, 0.0065075923, 0, 0, 0, 0, 0, 0, 0, 0, 0, 0.015184382, 0, 0, 0, 0, 0, 0, 0, 0, 0, 0.0021691974, 0, 0, 0.0065075923, 0, 0.017353579, 0, 0, 0.0065075923, 0, 0, 0, 0, 0, 0, 0, 0, 0, 0.0021691974, 0.0043383949, 0, 0, 0.019522777, 0, 0, 0, 0, 0, 0, 0.0021691974, 0, 0, 0, 0, 0, 0, 0, 0, 0, 0, 0, 0, 0.0021691974, 0, 0, 0, 0, 0.0021691974, 0, 0, 0.0021691974, 0, 0, 0, 0, 0.015184382, 0, 0, 0, 0, 0, 0, 0, 0.0043383949, 0, 0.028199567, 0, 0, 0, 0, 0, 0, 0, 0, 0, 0, 0, 0.0021691974, 0, 0, 0, 0, 0, 0.0043383949, 0.0021691974, 0, 0, 0, 0.0043383949, 0, 0.0065075923, 0, 0, 0.0086767897, 0.0021691974, 0, 0, 0, 0, 0, 0.0021691974, 0, 0, 0, 0.0021691974, 0.0021691974, 0, 0.0021691974, 0, 0.0043383949, 0.013015185, 0, 0, 0, 0, 0, 0, 0.0021691974, 0, 0.0043383949, 0, 0, 0, 0.12147506, 0, 0, 0, 0, 0, 0, 0, 0, 0, 0, 0, 0.0021691974, 0.0021691974, 0, 0, 0, 0, 0, 0, 0, 0, 0, 0, 0.026030369, 0, 0, 0, 0, 0, 0.0021691974, 0, 0, 0, 0, 0, 0, 0, 0, 0, 0, 0, 0, 0, 0, 0, 0, 0, 0, 0, 0, 0, 0, 0.0021691974, 0, 0, 0, 0, 0, 0, 0, 0, 0, 0, 0, 0, 0, 0.0043383949, 0, 0.0021691974, 0, 0, 0.058568329, 0, 0, 0, 0, 0.0021691974, 0.0021691974, 0, 0, 0, 0.080260307, 0, 0, 0, 0, 0, 0, 0, 0, 0, 0, 0, 0, 0, 0.0021691974, 0, 0, 0, 0, 0, 0, 0, 0, 0, 0, 0, 0, 0, 0.0086767897, 0, 0, 0, 0, 0, 0, 0, 0, 0.041214749, 0, 0, 0, 0, 0, 0, 0, 0, 0, 0, 0, 0, 0, 0.0021691974, 0, 0, 0.0021691974, 0.0043383949, 0.0021691974, 0, 0, 0, 0, 0, 0, 0, 0, 0, 0, 0, 0, 0, 0, 0, 0, 0, 0, 0, 0, 0, 0, 0.0021691974, 0, 0, 0, 0, 0, 0, 0.0043383949, 0, 0.0021691974, 0, 0.0021691974, 0, 0, 0, 0, 0, 0.039045554, 0, 0, 0, 0, 0, 0, 0.0021691974, 0, 0.010845987, 0, 0.0021691974, 0, 0.0021691974, 0, 0, 0, 0.0086767897, 0, 0, 0, 0, 0, 0.015184382, 0, 0, 0, 0, 0.0021691974, 0, 0, 0, 0.0021691974, 0, 0, 0, 0, 0, 0, 0.12364426, 0, 0, 0, 0, 0.0021691974, 0, 0, 0, 0, 0, 0, 0, 0, 0.0043383949, 0, 0, 0, 0, 0, 0, 0.0021691974, 0, 0, 0, 0, 0, 0, 0, 0, 0.0021691974, 0, 0, 0, 0, 0, 0, 0, 0, 0, 0, 0, 0, 0, 0, 0, 0, 0.0021691974, 0.093275487, 0, 0, 0, 0, 0, 0, 0, 0.0043383949, 0, 0, 0, 0, 0, 0, 0.0021691974, 0.0021691974, 0, 0, 0.0021691974, 0, 0, 0, 0, 0, 0, 0, 0.0021691974, 0.0021691974, 0, 0, 0.0021691974, 0, 0, 0, 0, 0, 0, 0, 0.021691974, 0, 0, 0.0021691974, 0, 0, 0, 0, 0, 0, 0.0021691974, 0, 0, 0, 0, 0, 0, 0, 0.0086767897, 0, 0, 0, 0.010845987, 0, 0
0, 0.0021978023, 0, 0, 0, 0, 0.07692308, 0.0043956046, 0, 0, 0, 0, 0.0021978023, 0, 0, 0, 0, 0, 0, 0, 0, 0, 0, 0.0021978023, 0, 0.0021978023, 0, 0, 0, 0, 0, 0, 0.0021978023, 0, 0, 0.0065934071, 0, 0, 0.030769233, 0.0021978023, 0, 0, 0, 0, 0, 0.0021978023, 0, 0.0065934071, 0, 0, 0, 0.0021978023, 0, 0.028571431, 0, 0, 0.024175825, 0.0021978023, 0, 0, 0.0021978023, 0, 0.0065934071, 0, 0, 0, 0.0021978023, 0, 0, 0, 0.0065934071, 0, 0.0021978023, 0, 0, 0, 0, 0, 0, 0, 0, 0, 0.0021978023, 0, 0, 0, 0, 0.0021978023, 0, 0, 0, 0, 0, 0, 0, 0.0021978023, 0.0021978023, 0, 0.015384616, 0, 0, 0, 0.0021978023, 0.028571431, 0, 0, 0.0043956046, 0, 0, 0, 0, 0, 0, 0.035164837, 0, 0, 0, 0, 0.0021978023, 0, 0, 0, 0, 0.0021978023, 0, 0, 0, 0, 0.0021978023, 0, 0, 0.0021978023, 0, 0, 0.0021978023, 0, 0, 0, 0.0043956046, 0, 0, 0.010989011, 0.0043956046, 0.0021978023, 0, 0.0021978023, 0, 0, 0, 0.0021978023, 0, 0, 0, 0, 0, 0, 0, 0, 0.0021978023, 0, 0, 0, 0, 0, 0, 0, 0, 0.0021978023, 0.0021978023, 0, 0, 0.096703298, 0, 0, 0, 0, 0, 0, 0, 0, 0, 0, 0, 0.0021978023, 0, 0, 0, 0, 0, 0, 0, 0, 0, 0, 0.0043956046, 0.013186814, 0, 0, 0.0021978023, 0, 0, 0, 0, 0, 0, 0, 0.0043956046, 0, 0, 0, 0.0021978023, 0, 0, 0, 0, 0, 0, 0, 0, 0, 0, 0, 0, 0, 0.0043956046, 0, 0, 0, 0, 0, 0, 0, 0, 0, 0, 0, 0, 0, 0.0043956046, 0, 0.010989011, 0, 0.0021978023, 0.037362639, 0, 0, 0, 0, 0, 0, 0, 0, 0, 0.14285715, 0, 0, 0, 0, 0, 0, 0, 0, 0.0021978023, 0.0021978023, 0, 0.0021978023, 0, 0, 0, 0, 0, 0.0021978023, 0.0021978023, 0, 0, 0, 0, 0.0021978023, 0.0021978023, 0, 0, 0, 0, 0.0021978023, 0, 0, 0, 0, 0, 0, 0.01978022, 0, 0, 0, 0, 0, 0, 0, 0.0021978023, 0, 0, 0, 0, 0, 0, 0.0021978023, 0, 0, 0, 0, 0, 0.0021978023, 0, 0.0043956046, 0, 0, 0, 0, 0.0021978023, 0, 0, 0.0021978023, 0, 0, 0, 0.0021978023, 0, 0, 0.0021978023, 0, 0, 0, 0, 0, 0.0021978023, 0, 0, 0, 0.0087912092, 0.0021978023, 0.0021978023, 0, 0, 0, 0, 0, 0, 0, 0, 0.015384616, 0, 0.0021978023, 0, 0, 0, 0, 0, 0.0021978023, 0.013186814, 0, 0.0021978023, 0, 0, 0, 0, 0, 0.0087912092, 0, 0, 0, 0, 0, 0.01978022, 0, 0, 0, 0, 0, 0, 0, 0, 0.0021978023, 0, 0, 0, 0, 0, 0.0043956046, 0.061538465, 0, 0, 0, 0, 0, 0, 0.0043956046, 0, 0, 0.0021978023, 0, 0, 0, 0.0065934071, 0, 0, 0, 0, 0, 0, 0, 0, 0.0021978023, 0, 0, 0, 0, 0, 0, 0.0065934071, 0.0021978023, 0, 0, 0, 0, 0, 0, 0, 0, 0, 0, 0, 0, 0, 0, 0, 0, 0.021978023, 0.0021978023, 0, 0, 0.0021978023, 0, 0, 0, 0, 0, 0, 0, 0.0021978023, 0, 0, 0.0065934071, 0, 0, 0, 0.0021978023, 0, 0, 0.0043956046, 0, 0, 0, 0, 0, 0, 0, 0, 0.0021978023, 0, 0, 0, 0, 0.0021978023, 0, 0, 0.024175825, 0, 0, 0, 0, 0, 0.0021978023, 0.0043956046, 0.0021978023, 0, 0, 0, 0, 0, 0, 0.0021978023, 0.0021978023, 0, 0.0043956046, 0, 0, 0, 0, 0, 0
